DateTime,Volum_BG,"< 5,6m_BG",">= 5,6m_BG",Volum_BV,"< 5,6m_BV",">= 5,6m_BV",Volum_KO,"< 5,6m_KO",">= 5,6m_KO",Volum_SK,"< 5,6m_SK",">= 5,6m_SK"
1/1/2022 0:00,283,282,1,313,308,4,270,268,2,303,298,5
1/1/2022 1:00,176,174,2,249,243,5,148,148,0,233,227,6
1/1/2022 2:00,148,146,2,167,150,10,104,103,1,164,157,7
1/1/2022 3:00,106,102,3,116,112,3,84,82,2,106,102,4
1/1/2022 4:00,54,53,1,71,65,3,46,46,0,69,67,1
1/1/2022 5:00,28,23,5,33,31,2,32,27,5,55,51,4
1/1/2022 6:00,24,21,3,49,47,2,23,19,4,55,51,4
1/1/2022 7:00,50,46,4,122,117,5,36,31,5,83,82,1
1/1/2022 8:00,29,27,2,38,36,2,20,19,1,49,47,2
1/1/2022 9:00,29,27,2,54,50,4,26,21,5,36,35,1
1/1/2022 10:00,50,42,8,79,71,8,46,39,7,67,65,2
1/1/2022 11:00,101,96,5,155,149,6,79,72,7,103,101,2
1/1/2022 12:00,180,174,6,217,209,8,120,110,10,200,191,9
1/1/2022 13:00,240,232,8,304,288,16,172,161,11,264,253,11
1/1/2022 14:00,319,310,9,478,472,6,220,210,10,363,357,6
1/1/2022 15:00,389,379,9,497,485,10,255,244,11,387,382,5
1/1/2022 16:00,347,337,10,470,460,9,216,203,13,363,352,11
1/1/2022 17:00,307,302,5,405,396,7,201,191,10,351,345,6
1/1/2022 18:00,263,252,11,330,311,14,160,147,13,286,281,5
1/1/2022 19:00,220,215,5,341,331,8,165,160,5,246,243,3
1/1/2022 20:00,236,231,5,271,264,7,152,141,11,208,207,1
1/1/2022 21:00,182,177,5,287,277,10,123,115,8,206,203,3
1/1/2022 22:00,132,129,3,225,217,7,81,75,6,160,157,3
1/1/2022 23:00,88,81,7,115,108,7,54,49,5,95,93,2
1/2/2022 0:00,53,49,4,89,79,4,49,43,6,66,63,3
1/2/2022 1:00,33,33,0,59,52,3,31,30,1,50,47,3
1/2/2022 2:00,18,18,0,38,33,2,18,17,1,24,24,0
1/2/2022 3:00,7,7,0,26,22,0,7,7,0,18,18,0
1/2/2022 4:00,4,4,0,13,11,2,7,7,0,9,9,0
1/2/2022 5:00,11,11,0,14,11,3,7,6,1,17,15,2
1/2/2022 6:00,18,15,3,45,42,3,13,8,5,46,34,12
1/2/2022 7:00,42,38,4,145,142,3,35,30,5,104,102,2
1/2/2022 8:00,49,47,2,90,87,3,40,38,2,60,58,2
1/2/2022 9:00,48,43,5,103,101,2,22,19,3,84,79,5
1/2/2022 10:00,127,122,5,169,161,8,65,62,3,124,117,7
1/2/2022 11:00,183,176,7,241,231,10,138,129,9,224,221,3
1/2/2022 12:00,332,323,9,387,378,9,207,194,13,359,353,6
1/2/2022 13:00,476,468,8,508,490,18,355,343,12,535,518,17
1/2/2022 14:00,554,542,12,684,671,12,373,358,15,620,610,10
1/2/2022 15:00,550,543,7,661,645,15,358,343,15,652,635,17
1/2/2022 16:00,461,449,12,612,593,15,260,250,10,529,521,8
1/2/2022 17:00,401,392,9,516,494,20,231,217,14,387,380,7
1/2/2022 18:00,386,373,13,455,441,13,200,189,11,357,353,4
1/2/2022 19:00,339,330,9,448,438,9,225,216,9,327,317,10
1/2/2022 20:00,265,258,7,368,360,7,177,167,10,290,285,5
1/2/2022 21:00,205,197,8,324,314,10,142,130,12,242,238,4
1/2/2022 22:00,142,134,8,264,258,6,106,100,6,194,192,2
1/2/2022 23:00,84,78,6,133,124,7,69,61,8,122,119,3
1/3/2022 0:00,46,41,5,62,56,6,35,31,4,57,55,2
1/3/2022 1:00,21,21,0,31,30,1,19,17,2,29,28,1
1/3/2022 2:00,7,7,0,18,17,1,5,5,0,25,25,0
1/3/2022 3:00,6,6,0,19,18,1,5,5,0,16,14,2
1/3/2022 4:00,8,7,1,17,15,2,7,6,1,18,18,0
1/3/2022 5:00,28,25,3,59,55,4,34,25,9,61,54,7
1/3/2022 6:00,101,88,13,223,200,23,69,48,21,231,205,26
1/3/2022 7:00,480,447,33,983,936,47,309,257,52,773,715,58
1/3/2022 8:00,399,359,40,570,525,45,312,257,55,549,479,70
1/3/2022 9:00,391,343,48,553,512,41,271,218,53,443,371,72
1/3/2022 10:00,436,400,36,712,664,47,300,257,43,507,444,63
1/3/2022 11:00,432,393,39,759,709,48,321,270,51,587,522,65
1/3/2022 12:00,464,429,35,839,786,53,321,276,45,633,553,80
1/3/2022 13:00,514,471,43,941,881,60,400,345,55,706,601,101
1/3/2022 14:00,559,516,43,983,910,73,365,303,62,723,644,79
1/3/2022 15:00,819,763,56,1309,1248,61,528,471,57,860,798,61
1/3/2022 16:00,773,732,41,1181,1126,51,467,426,41,849,810,39
1/3/2022 17:00,502,480,22,812,784,26,354,325,29,497,471,26
1/3/2022 18:00,475,453,22,696,666,27,316,283,33,444,423,20
1/3/2022 19:00,370,354,16,656,636,20,296,269,27,445,426,19
1/3/2022 20:00,299,275,24,485,474,11,216,190,26,365,346,19
1/3/2022 21:00,235,225,10,370,356,14,166,151,15,292,277,15
1/3/2022 22:00,184,167,17,278,263,15,127,109,18,199,188,11
1/3/2022 23:00,77,69,8,112,102,9,70,60,10,99,98,1
1/4/2022 0:00,36,32,4,61,52,9,36,27,9,39,39,0
1/4/2022 1:00,14,11,3,42,38,4,13,11,2,45,42,3
1/4/2022 2:00,10,8,2,14,13,1,10,7,3,19,15,4
1/4/2022 3:00,4,2,2,11,7,4,9,7,2,18,12,6
1/4/2022 4:00,11,9,2,18,12,6,8,7,1,20,17,3
1/4/2022 5:00,23,18,5,52,44,8,40,28,12,69,59,10
1/4/2022 6:00,117,105,12,229,207,22,94,65,29,220,200,20
1/4/2022 7:00,530,492,38,1041,986,52,341,289,52,781,723,58
1/4/2022 8:00,666,611,55,763,705,57,486,416,70,640,559,81
1/4/2022 9:00,324,279,45,626,574,52,278,221,57,558,464,94
1/4/2022 10:00,371,330,41,687,643,44,267,217,50,568,480,88
1/4/2022 11:00,382,348,34,769,720,49,276,231,45,601,519,82
1/4/2022 12:00,450,404,46,781,741,40,362,309,52,659,579,80
1/4/2022 13:00,570,520,50,935,885,50,459,379,80,793,699,94
1/4/2022 14:00,766,709,57,1008,955,52,553,484,69,811,727,84
1/4/2022 15:00,874,823,51,1325,1254,64,610,551,59,946,875,71
1/4/2022 16:00,835,795,40,1187,1138,47,563,511,52,789,742,47
1/4/2022 17:00,520,496,24,785,758,26,371,338,33,522,501,21
1/4/2022 18:00,425,399,26,681,657,22,353,317,36,465,445,20
1/4/2022 19:00,494,477,17,655,636,18,301,274,27,443,423,18
1/4/2022 20:00,333,310,23,548,530,18,271,247,24,381,359,22
1/4/2022 21:00,253,238,15,366,353,13,180,168,12,263,249,14
1/4/2022 22:00,169,155,14,282,272,10,106,90,16,165,160,5
1/4/2022 23:00,73,63,10,108,100,7,72,61,11,107,107,0
1/5/2022 0:00,29,25,4,54,48,6,29,24,5,40,40,0
1/5/2022 1:00,16,15,1,24,24,0,16,14,2,30,30,0
1/5/2022 2:00,13,12,1,23,17,6,8,7,1,29,22,6
1/5/2022 3:00,9,7,2,13,10,3,7,5,2,14,10,4
1/5/2022 4:00,11,6,5,19,13,6,9,8,1,9,9,0
1/5/2022 5:00,27,19,8,38,33,5,40,26,14,64,56,8
1/5/2022 6:00,96,81,15,205,179,26,91,59,32,220,199,21
1/5/2022 7:00,520,474,46,998,946,52,354,297,57,774,720,54
1/5/2022 8:00,701,636,64,878,807,67,490,417,73,620,544,76
1/5/2022 9:00,336,295,41,580,523,57,290,229,61,511,418,93
1/5/2022 10:00,290,252,38,631,580,51,259,207,51,436,361,74
1/5/2022 11:00,392,352,40,749,695,53,330,264,66,554,473,81
1/5/2022 12:00,458,421,37,828,767,60,339,293,46,595,516,79
1/5/2022 13:00,578,529,49,875,821,54,441,362,79,640,547,93
1/5/2022 14:00,594,548,46,954,898,56,463,400,63,747,643,103
1/5/2022 15:00,889,827,62,1344,1286,54,673,600,73,894,804,90
1/5/2022 16:00,835,794,41,1207,1152,53,566,522,44,828,772,55
1/5/2022 17:00,483,456,27,763,730,32,415,380,35,559,517,42
1/5/2022 18:00,455,426,29,735,709,22,333,302,31,482,458,24
1/5/2022 19:00,367,349,18,615,598,17,296,267,29,355,323,32
1/5/2022 20:00,358,336,22,551,523,24,268,247,21,341,326,15
1/5/2022 21:00,241,224,17,372,355,17,168,153,15,245,229,16
1/5/2022 22:00,166,153,13,272,258,13,134,117,17,171,162,8
1/5/2022 23:00,83,70,13,119,108,10,67,54,13,98,92,5
1/6/2022 0:00,31,27,4,53,48,4,25,18,7,36,34,2
1/6/2022 1:00,9,7,2,36,31,5,16,12,4,22,18,4
1/6/2022 2:00,19,14,5,29,23,6,8,8,0,15,14,1
1/6/2022 3:00,8,6,2,23,20,3,9,6,3,26,24,2
1/6/2022 4:00,7,4,3,20,14,6,15,11,4,35,26,9
1/6/2022 5:00,19,14,5,48,43,5,32,18,14,59,46,13
1/6/2022 6:00,98,79,19,188,168,20,99,66,33,217,198,19
1/6/2022 7:00,489,440,49,977,930,46,348,294,54,750,675,75
1/6/2022 8:00,714,655,59,890,824,61,539,461,78,605,546,59
1/6/2022 9:00,361,312,49,625,575,49,287,226,61,446,372,73
1/6/2022 10:00,380,340,40,626,574,52,253,206,47,490,413,77
1/6/2022 11:00,400,361,39,670,611,57,310,260,50,580,502,78
1/6/2022 12:00,433,387,45,826,771,54,325,276,49,599,527,71
1/6/2022 13:00,593,542,50,922,873,45,446,371,74,680,599,81
1/6/2022 14:00,719,660,59,1019,963,55,484,424,60,735,643,92
1/6/2022 15:00,894,833,61,1311,1250,54,604,551,53,901,833,67
1/6/2022 16:00,861,806,55,1231,1157,66,594,545,49,847,805,42
1/6/2022 17:00,520,491,29,744,713,29,359,320,39,564,523,41
1/6/2022 18:00,463,438,25,738,710,28,346,315,31,487,454,33
1/6/2022 19:00,343,327,16,665,642,21,284,258,26,371,352,19
1/6/2022 20:00,285,269,16,502,482,19,244,215,23,315,295,18
1/6/2022 21:00,269,256,12,352,338,12,204,182,19,241,232,9
1/6/2022 22:00,165,147,17,287,277,10,116,103,13,192,180,12
1/6/2022 23:00,81,71,10,128,119,9,66,55,11,110,105,5
1/7/2022 0:00,32,29,3,56,50,6,37,31,6,48,47,1
1/7/2022 1:00,15,12,3,26,23,3,16,14,2,33,31,2
1/7/2022 2:00,18,16,2,15,12,3,15,14,1,21,18,3
1/7/2022 3:00,7,7,0,18,16,2,9,9,0,16,15,1
1/7/2022 4:00,16,11,5,25,18,7,9,9,0,28,23,5
1/7/2022 5:00,32,26,6,40,35,5,48,32,16,71,55,16
1/7/2022 6:00,93,75,18,202,181,21,84,55,29,206,180,26
1/7/2022 7:00,507,463,44,963,897,65,325,260,65,741,690,51
1/7/2022 8:00,666,611,54,801,746,55,510,419,90,616,537,79
1/7/2022 9:00,378,343,35,615,561,54,304,246,58,471,384,87
1/7/2022 10:00,391,352,39,695,658,36,324,274,50,568,477,90
1/7/2022 11:00,438,394,44,800,754,45,375,315,60,586,514,72
1/7/2022 12:00,496,459,37,956,889,66,374,326,48,716,634,81
1/7/2022 13:00,694,641,53,1065,1002,62,510,447,63,829,735,94
1/7/2022 14:00,741,693,48,1128,1073,54,510,455,55,862,777,85
1/7/2022 15:00,972,918,54,1445,1364,73,619,562,57,974,908,66
1/7/2022 16:00,775,730,45,1156,1098,54,567,520,47,809,778,31
1/7/2022 17:00,491,467,24,854,817,35,321,285,36,560,541,19
1/7/2022 18:00,366,346,20,657,634,22,279,251,28,455,435,20
1/7/2022 19:00,328,307,21,547,528,19,252,224,28,376,361,14
1/7/2022 20:00,281,263,18,466,442,22,182,160,22,285,263,22
1/7/2022 21:00,211,198,13,361,336,22,156,142,14,243,237,6
1/7/2022 22:00,174,161,13,287,270,14,118,103,15,195,190,5
1/7/2022 23:00,103,94,9,192,184,6,90,77,13,138,136,2
1/8/2022 0:00,52,49,3,138,129,7,63,58,5,120,120,0
1/8/2022 1:00,58,56,2,115,109,1,49,48,1,83,81,2
1/8/2022 2:00,36,36,0,65,63,1,28,27,1,43,40,3
1/8/2022 3:00,22,19,3,31,29,2,19,17,2,40,39,1
1/8/2022 4:00,5,4,1,21,17,4,5,5,0,27,25,2
1/8/2022 5:00,5,3,2,25,21,4,7,4,3,25,21,4
1/8/2022 6:00,23,20,3,63,58,5,23,18,5,53,50,3
1/8/2022 7:00,63,58,5,155,149,6,46,41,5,116,108,8
1/8/2022 8:00,78,72,6,120,116,4,79,69,10,105,102,3
1/8/2022 9:00,130,120,10,268,256,12,92,77,15,181,175,6
1/8/2022 10:00,238,226,12,406,390,15,156,140,16,279,261,18
1/8/2022 11:00,309,293,16,590,568,22,209,189,20,412,395,17
1/8/2022 12:00,425,406,19,731,709,21,279,262,17,584,563,21
1/8/2022 13:00,507,489,18,841,818,23,338,319,19,649,627,22
1/8/2022 14:00,617,594,22,973,944,28,401,379,22,787,767,20
1/8/2022 15:00,613,597,16,1001,976,22,381,354,27,713,693,20
1/8/2022 16:00,491,480,11,883,862,19,308,292,16,630,611,19
1/8/2022 17:00,467,456,11,742,727,13,309,293,16,546,527,19
1/8/2022 18:00,408,392,16,640,624,14,272,258,14,442,434,8
1/8/2022 19:00,263,255,8,403,392,9,189,178,11,298,285,13
1/8/2022 20:00,218,212,6,286,279,6,146,137,9,256,253,3
1/8/2022 21:00,200,194,6,279,270,8,119,111,8,255,246,9
1/8/2022 22:00,161,154,7,249,239,8,127,117,10,205,200,5
1/8/2022 23:00,117,115,2,197,190,4,85,77,8,133,131,2
1/9/2022 0:00,95,92,3,163,152,9,71,65,6,132,128,4
1/9/2022 1:00,80,79,1,141,136,3,67,64,3,86,82,4
1/9/2022 2:00,46,45,1,106,100,4,36,35,1,71,71,0
1/9/2022 3:00,28,28,0,75,71,2,20,19,1,49,45,4
1/9/2022 4:00,10,10,0,36,34,0,11,10,1,31,31,0
1/9/2022 5:00,8,8,0,20,20,0,10,9,1,23,21,2
1/9/2022 6:00,18,15,3,45,39,6,16,13,3,39,34,5
1/9/2022 7:00,61,57,4,147,142,5,43,37,6,99,97,2
1/9/2022 8:00,42,39,3,115,110,5,36,32,4,68,66,2
1/9/2022 9:00,61,58,3,112,109,3,46,42,4,96,90,6
1/9/2022 10:00,124,121,3,179,174,5,85,82,3,155,151,4
1/9/2022 11:00,169,162,7,243,233,7,149,137,12,275,266,9
1/9/2022 12:00,322,310,12,424,413,11,212,199,13,364,345,19
1/9/2022 13:00,445,435,10,518,502,16,369,358,11,495,478,17
1/9/2022 14:00,480,473,7,632,615,16,347,337,10,581,570,11
1/9/2022 15:00,483,470,13,677,661,14,313,300,13,618,600,18
1/9/2022 16:00,427,414,13,540,528,9,277,267,10,505,490,15
1/9/2022 17:00,352,343,9,545,524,17,233,216,17,398,384,14
1/9/2022 18:00,407,394,13,498,472,24,234,219,15,376,363,13
1/9/2022 19:00,381,371,10,435,421,12,246,231,15,349,341,8
1/9/2022 20:00,291,281,10,406,391,13,216,208,8,285,278,7
1/9/2022 21:00,207,196,11,345,337,8,141,126,15,233,224,9
1/9/2022 22:00,126,118,8,252,242,9,112,103,9,172,168,4
1/9/2022 23:00,72,68,4,104,99,4,63,56,7,93,90,3
1/10/2022 0:00,29,26,3,46,44,2,29,23,6,58,56,2
1/10/2022 1:00,23,21,2,25,24,1,15,12,3,34,34,0
1/10/2022 2:00,11,11,0,18,17,1,8,8,0,19,19,0
1/10/2022 3:00,7,6,1,15,14,0,5,5,0,13,10,3
1/10/2022 4:00,3,3,0,13,9,4,12,12,0,13,11,2
1/10/2022 5:00,31,25,6,54,49,5,39,26,13,68,60,8
1/10/2022 6:00,108,93,15,256,227,29,97,70,27,222,202,20
1/10/2022 7:00,565,527,38,1071,1014,56,404,343,61,788,719,68
1/10/2022 8:00,659,604,55,831,778,53,516,436,80,676,585,90
1/10/2022 9:00,378,341,37,659,612,46,318,253,65,567,470,97
1/10/2022 10:00,377,336,41,662,611,51,290,248,42,610,510,100
1/10/2022 11:00,457,414,43,771,709,62,347,298,49,590,499,91
1/10/2022 12:00,478,438,40,836,770,64,355,304,51,666,583,81
1/10/2022 13:00,544,501,43,901,842,59,443,389,54,777,684,93
1/10/2022 14:00,693,642,51,1000,938,61,470,407,63,829,733,96
1/10/2022 15:00,923,870,53,1348,1276,68,663,597,66,942,858,84
1/10/2022 16:00,923,874,49,1276,1210,59,643,598,45,928,856,72
1/10/2022 17:00,520,498,22,813,765,46,406,368,38,587,545,42
1/10/2022 18:00,477,458,19,662,640,22,360,327,33,490,471,19
1/10/2022 19:00,384,367,17,687,666,20,320,295,25,394,374,19
1/10/2022 20:00,303,287,16,545,524,21,269,245,24,363,343,20
1/10/2022 21:00,211,201,10,348,339,9,143,129,14,263,254,9
1/10/2022 22:00,170,160,10,260,251,9,122,110,12,187,184,3
1/10/2022 23:00,67,59,8,108,96,11,65,56,9,128,126,2
1/11/2022 0:00,24,21,3,50,45,5,21,16,5,35,33,2
1/11/2022 1:00,11,10,1,23,23,0,13,12,1,14,14,0
1/11/2022 2:00,4,4,0,15,13,2,3,3,0,9,8,1
1/11/2022 3:00,5,4,1,10,10,0,5,5,0,12,11,1
1/11/2022 4:00,5,5,0,14,12,2,9,8,1,12,11,1
1/11/2022 5:00,31,25,6,48,43,5,36,24,12,53,43,10
1/11/2022 6:00,105,92,13,244,222,22,90,58,32,231,204,27
1/11/2022 7:00,578,531,47,1122,1060,61,421,364,57,827,772,55
1/11/2022 8:00,733,673,60,830,773,56,540,469,71,647,570,77
1/11/2022 9:00,337,301,36,648,593,55,272,219,53,523,429,94
1/11/2022 10:00,400,358,42,665,603,62,359,305,54,627,553,74
1/11/2022 11:00,458,420,38,782,735,47,379,324,55,651,567,84
1/11/2022 12:00,474,438,36,822,782,40,350,305,45,685,597,88
1/11/2022 13:00,623,571,52,945,895,49,469,404,65,713,623,90
1/11/2022 14:00,799,749,50,1082,1015,66,541,479,62,837,746,91
1/11/2022 15:00,957,894,57,1397,1328,65,668,605,63,991,905,86
1/11/2022 16:00,915,864,48,1247,1183,56,568,522,46,807,749,58
1/11/2022 17:00,558,524,34,784,759,24,410,375,35,540,506,34
1/11/2022 18:00,450,428,22,738,712,26,372,340,32,485,467,18
1/11/2022 19:00,451,435,16,662,636,25,344,319,25,430,408,22
1/11/2022 20:00,355,337,18,560,544,16,267,244,23,419,392,27
1/11/2022 21:00,260,242,18,368,358,10,171,155,16,269,261,8
1/11/2022 22:00,157,145,12,265,253,12,94,81,13,176,170,6
1/11/2022 23:00,94,86,8,121,109,10,77,66,11,119,113,6
1/12/2022 0:00,27,24,3,35,31,4,30,25,5,31,31,0
1/12/2022 1:00,7,7,0,20,20,0,8,7,1,22,22,0
1/12/2022 2:00,10,10,0,14,14,0,7,7,0,20,18,2
1/12/2022 3:00,3,3,0,11,10,1,2,2,0,12,11,1
1/12/2022 4:00,6,6,0,14,13,1,11,10,1,15,15,0
1/12/2022 5:00,27,21,6,42,36,6,35,23,12,54,50,4
1/12/2022 6:00,113,102,11,243,214,29,107,80,27,241,222,19
1/12/2022 7:00,554,513,41,1080,1027,50,412,346,66,804,742,62
1/12/2022 8:00,746,686,60,825,757,68,575,497,78,644,574,70
1/12/2022 9:00,337,301,36,636,599,37,308,244,64,511,425,86
1/12/2022 10:00,399,366,33,647,606,41,305,243,62,529,445,84
1/12/2022 11:00,422,382,39,715,674,39,357,310,46,566,495,71
1/12/2022 12:00,444,394,50,735,688,47,319,264,55,586,509,77
1/12/2022 13:00,541,502,39,904,854,50,416,348,68,695,616,79
1/12/2022 14:00,705,660,45,1029,970,58,571,505,66,766,680,86
1/12/2022 15:00,974,924,50,1307,1246,60,690,633,57,966,894,72
1/12/2022 16:00,787,750,37,1117,1069,47,563,503,60,791,739,52
1/12/2022 17:00,454,432,22,697,670,27,362,330,32,466,435,29
1/12/2022 18:00,398,372,26,553,525,28,309,275,34,388,370,18
1/12/2022 19:00,310,291,19,540,518,22,270,243,27,318,299,19
1/12/2022 20:00,277,264,13,438,418,19,239,219,20,284,270,14
1/12/2022 21:00,213,202,11,300,287,12,155,141,14,209,202,7
1/12/2022 22:00,154,140,14,224,216,7,122,106,16,185,183,2
1/12/2022 23:00,70,62,8,112,108,4,81,70,11,90,87,3
1/13/2022 0:00,21,18,3,35,30,5,35,29,6,35,32,3
1/13/2022 1:00,12,12,0,27,27,0,5,4,1,29,28,1
1/13/2022 2:00,9,9,0,13,12,1,3,2,1,14,14,0
1/13/2022 3:00,5,4,1,11,8,3,3,3,0,8,8,0
1/13/2022 4:00,7,7,0,19,19,0,12,12,0,26,22,4
1/13/2022 5:00,21,16,5,44,40,4,35,23,12,47,44,3
1/13/2022 6:00,102,89,12,234,213,21,94,68,26,233,211,22
1/13/2022 7:00,529,482,47,1078,1017,60,405,340,65,783,723,60
1/13/2022 8:00,737,681,56,836,766,68,566,492,73,655,578,77
1/13/2022 9:00,339,299,40,631,589,42,311,248,63,467,396,70
1/13/2022 10:00,360,319,41,694,628,66,254,213,41,491,412,79
1/13/2022 11:00,465,422,43,685,643,42,363,317,46,538,477,61
1/13/2022 12:00,473,433,40,773,720,53,399,353,46,623,553,70
1/13/2022 13:00,627,580,47,955,908,46,498,429,69,706,620,85
1/13/2022 14:00,824,764,60,1080,1024,53,524,462,62,785,706,79
1/13/2022 15:00,926,880,46,1371,1318,51,665,618,47,883,815,67
1/13/2022 16:00,855,815,40,1150,1089,54,606,550,56,826,776,50
1/13/2022 17:00,511,488,23,750,719,30,366,333,33,498,478,19
1/13/2022 18:00,464,442,22,684,658,26,331,295,36,485,459,25
1/13/2022 19:00,398,381,17,621,605,16,305,277,28,364,351,13
1/13/2022 20:00,303,288,15,540,517,21,217,199,18,376,363,13
1/13/2022 21:00,243,232,11,313,303,8,125,113,12,217,214,3
1/13/2022 22:00,185,173,12,271,264,7,119,108,11,184,178,6
1/13/2022 23:00,85,77,8,123,116,7,78,68,10,115,113,2
1/14/2022 0:00,33,29,4,47,44,3,31,26,5,51,51,0
1/14/2022 1:00,16,16,0,26,25,1,17,16,1,25,23,2
1/14/2022 2:00,14,14,0,14,14,0,4,4,0,22,22,0
1/14/2022 3:00,8,7,1,11,10,1,4,3,1,25,25,0
1/14/2022 4:00,9,9,0,16,16,0,11,10,1,17,15,2
1/14/2022 5:00,26,22,4,41,36,5,38,28,10,70,65,5
1/14/2022 6:00,115,104,11,233,211,22,103,71,32,220,193,27
1/14/2022 7:00,551,507,44,1025,973,52,368,307,61,730,669,61
1/14/2022 8:00,727,683,44,800,734,66,529,458,71,636,553,82
1/14/2022 9:00,391,348,43,626,577,49,310,252,58,500,411,89
1/14/2022 10:00,359,327,32,724,680,44,330,277,53,602,524,77
1/14/2022 11:00,451,420,31,856,813,43,341,293,48,661,580,80
1/14/2022 12:00,569,532,37,942,897,45,436,388,48,752,686,64
1/14/2022 13:00,666,620,46,1120,1072,47,505,437,67,793,720,73
1/14/2022 14:00,783,737,46,1223,1159,63,582,522,60,874,798,74
1/14/2022 15:00,1030,975,55,1548,1461,81,666,613,53,1029,940,89
1/14/2022 16:00,913,871,42,1327,1274,47,615,571,44,960,893,67
1/14/2022 17:00,524,502,22,925,889,35,335,305,30,589,556,33
1/14/2022 18:00,386,364,22,742,714,28,273,246,27,447,418,29
1/14/2022 19:00,371,353,18,615,592,22,267,243,24,405,392,12
1/14/2022 20:00,260,245,15,493,472,21,197,177,20,322,307,15
1/14/2022 21:00,189,179,10,304,295,7,156,142,14,254,250,4
1/14/2022 22:00,165,155,10,278,267,11,116,102,14,199,198,1
1/14/2022 23:00,120,113,7,175,168,5,96,87,9,156,150,6
1/15/2022 0:00,94,89,5,130,124,5,75,68,7,132,126,6
1/15/2022 1:00,46,46,0,73,68,3,33,32,1,85,83,2
1/15/2022 2:00,41,41,0,75,73,1,25,24,1,59,59,0
1/15/2022 3:00,17,16,1,41,40,1,10,10,0,48,47,1
1/15/2022 4:00,7,7,0,15,15,0,2,2,0,31,29,2
1/15/2022 5:00,14,13,1,25,23,2,12,10,2,39,38,1
1/15/2022 6:00,23,18,5,63,57,6,22,17,5,60,49,11
1/15/2022 7:00,74,66,8,137,131,6,42,35,7,127,119,8
1/15/2022 8:00,73,70,3,104,93,11,56,48,8,110,105,5
1/15/2022 9:00,141,132,9,305,291,14,94,84,10,209,198,11
1/15/2022 10:00,240,226,14,467,456,11,174,163,11,332,321,11
1/15/2022 11:00,430,413,17,697,679,18,277,256,21,512,487,25
1/15/2022 12:00,509,493,16,888,862,26,335,320,15,657,638,19
1/15/2022 13:00,630,602,28,1044,1014,29,426,395,31,750,722,28
1/15/2022 14:00,721,699,22,1166,1136,30,452,432,20,829,795,34
1/15/2022 15:00,703,681,21,1146,1123,20,448,423,25,784,747,37
1/15/2022 16:00,625,606,19,990,963,26,340,311,29,691,658,33
1/15/2022 17:00,485,473,12,854,833,19,310,291,19,560,547,13
1/15/2022 18:00,456,442,14,750,731,18,270,252,18,458,448,10
1/15/2022 19:00,297,284,13,434,424,10,193,180,13,292,280,12
1/15/2022 20:00,239,235,4,361,352,8,159,153,6,271,264,7
1/15/2022 21:00,224,218,6,289,285,4,131,124,7,245,232,13
1/15/2022 22:00,184,178,6,289,280,7,117,108,9,205,202,3
1/15/2022 23:00,152,148,4,238,231,4,107,101,6,191,189,2
1/16/2022 0:00,135,132,3,220,208,9,90,85,5,199,194,5
1/16/2022 1:00,113,112,1,165,155,4,92,88,4,175,168,7
1/16/2022 2:00,62,61,1,112,102,8,60,60,0,105,103,2
1/16/2022 3:00,35,34,1,72,72,0,27,24,3,64,62,2
1/16/2022 4:00,19,18,1,27,26,1,15,14,1,48,46,2
1/16/2022 5:00,15,15,0,16,16,0,9,8,1,38,36,2
1/16/2022 6:00,18,14,4,46,43,3,20,15,5,38,36,2
1/16/2022 7:00,52,48,4,113,110,3,36,32,4,98,92,6
1/16/2022 8:00,44,41,3,76,73,3,27,24,3,59,58,1
1/16/2022 9:00,68,63,5,94,90,4,40,36,4,77,69,8
1/16/2022 10:00,157,154,3,199,194,5,102,93,9,171,158,13
1/16/2022 11:00,234,223,11,313,305,8,159,149,10,326,315,11
1/16/2022 12:00,444,431,13,426,411,14,300,287,13,411,403,8
1/16/2022 13:00,457,445,12,555,541,14,331,319,12,556,540,16
1/16/2022 14:00,550,540,10,636,619,16,377,365,12,600,594,6
1/16/2022 15:00,560,549,11,668,660,8,367,357,10,586,575,11
1/16/2022 16:00,389,374,15,517,504,12,258,250,8,430,414,16
1/16/2022 17:00,329,319,10,432,418,14,268,253,15,382,372,10
1/16/2022 18:00,299,288,11,402,389,12,207,197,10,300,287,13
1/16/2022 19:00,266,256,10,339,322,17,186,175,11,255,251,4
1/16/2022 20:00,219,213,6,288,276,11,140,133,7,192,183,9
1/16/2022 21:00,156,149,7,257,249,6,132,124,8,179,172,7
1/16/2022 22:00,110,105,5,208,198,9,80,68,12,128,121,7
1/16/2022 23:00,49,46,3,70,64,5,42,35,7,68,63,5
1/17/2022 0:00,20,16,4,48,43,5,20,14,6,39,32,7
1/17/2022 1:00,14,10,4,18,15,3,14,10,4,26,23,3
1/17/2022 2:00,3,3,0,7,6,1,3,2,1,22,22,0
1/17/2022 3:00,5,4,1,12,10,2,4,3,1,14,12,2
1/17/2022 4:00,6,2,4,13,10,3,10,5,5,19,16,3
1/17/2022 5:00,31,24,7,45,42,3,46,32,14,59,49,10
1/17/2022 6:00,108,92,16,249,222,27,101,71,30,235,209,26
1/17/2022 7:00,616,567,49,1160,1089,69,443,381,62,837,774,63
1/17/2022 8:00,767,712,55,961,902,58,605,524,81,734,639,95
1/17/2022 9:00,429,385,44,684,631,53,335,271,64,527,429,98
1/17/2022 10:00,411,368,43,658,603,55,294,236,58,537,450,87
1/17/2022 11:00,421,379,42,736,672,64,312,270,42,612,525,86
1/17/2022 12:00,466,429,37,807,746,61,362,323,39,606,525,81
1/17/2022 13:00,600,544,56,990,921,69,475,400,75,768,674,94
1/17/2022 14:00,726,672,54,1064,1011,53,515,454,61,776,690,86
1/17/2022 15:00,1003,955,48,1419,1343,69,700,641,59,989,921,68
1/17/2022 16:00,957,910,47,1165,1099,64,659,610,49,900,839,60
1/17/2022 17:00,605,571,34,776,744,31,490,450,40,579,546,33
1/17/2022 18:00,511,491,20,768,735,32,412,380,32,504,476,27
1/17/2022 19:00,410,393,17,662,643,18,384,358,26,455,438,17
1/17/2022 20:00,372,354,18,564,547,17,258,235,23,378,362,16
1/17/2022 21:00,270,258,12,386,371,15,199,180,19,315,307,8
1/17/2022 22:00,172,160,12,268,257,11,134,120,14,227,223,4
1/17/2022 23:00,50,43,7,114,105,9,76,65,11,94,92,2
1/18/2022 0:00,32,29,3,53,49,4,31,25,6,53,53,0
1/18/2022 1:00,12,11,1,19,19,0,9,9,0,26,26,0
1/18/2022 2:00,14,14,0,12,11,1,5,5,0,11,11,0
1/18/2022 3:00,7,7,0,11,9,2,9,9,0,25,23,2
1/18/2022 4:00,8,7,1,15,11,4,5,4,1,23,23,0
1/18/2022 5:00,28,24,4,43,40,3,39,25,14,64,53,11
1/18/2022 6:00,111,98,13,251,225,26,92,66,26,234,206,27
1/18/2022 7:00,602,561,41,1148,1094,51,443,384,59,818,759,59
1/18/2022 8:00,747,686,61,849,785,63,594,519,75,694,601,93
1/18/2022 9:00,354,315,39,642,600,42,332,272,60,517,429,88
1/18/2022 10:00,379,341,38,692,632,60,308,265,43,554,460,94
1/18/2022 11:00,470,423,47,777,717,60,372,311,61,624,535,89
1/18/2022 12:00,465,428,37,818,767,50,376,319,57,631,551,75
1/18/2022 13:00,557,513,44,952,884,68,454,388,66,775,670,105
1/18/2022 14:00,789,735,54,1063,1005,57,527,454,73,754,661,93
1/18/2022 15:00,955,905,48,1334,1268,63,703,647,56,968,888,77
1/18/2022 16:00,846,798,48,1119,1060,58,616,572,44,837,772,65
1/18/2022 17:00,582,559,23,862,828,33,489,452,37,575,536,39
1/18/2022 18:00,488,470,18,781,757,22,449,415,34,476,457,19
1/18/2022 19:00,481,461,20,681,664,17,369,345,24,439,420,19
1/18/2022 20:00,361,346,15,529,511,18,275,254,21,370,350,19
1/18/2022 21:00,311,302,9,348,339,9,220,204,16,310,303,7
1/18/2022 22:00,196,183,13,281,272,9,122,107,15,203,195,8
1/18/2022 23:00,80,72,8,121,115,6,69,58,11,130,127,3
1/19/2022 0:00,22,19,3,52,47,5,21,16,5,45,42,3
1/19/2022 1:00,9,8,1,15,14,1,11,10,1,26,21,5
1/19/2022 2:00,6,6,0,12,12,0,2,2,0,16,14,2
1/19/2022 3:00,6,6,0,14,13,1,2,2,0,18,17,1
1/19/2022 4:00,5,4,1,11,8,3,5,4,1,14,14,0
1/19/2022 5:00,23,18,5,45,43,2,39,27,12,52,43,9
1/19/2022 6:00,100,88,12,272,243,29,106,81,25,234,211,23
1/19/2022 7:00,586,536,50,1136,1071,64,433,379,54,827,771,56
1/19/2022 8:00,803,740,63,897,834,62,676,603,73,681,612,69
1/19/2022 9:00,343,299,44,630,572,58,339,270,69,500,414,86
1/19/2022 10:00,382,343,39,741,691,50,306,252,54,505,434,71
1/19/2022 11:00,470,435,35,802,746,56,383,329,54,621,531,90
1/19/2022 12:00,492,453,39,790,740,50,388,343,45,635,554,81
1/19/2022 13:00,585,533,52,1057,989,68,423,365,58,728,645,83
1/19/2022 14:00,635,591,44,1025,976,49,505,446,59,768,674,94
1/19/2022 15:00,962,908,54,1397,1333,54,687,627,60,984,914,70
1/19/2022 16:00,961,918,42,1252,1196,51,688,635,53,873,816,56
1/19/2022 17:00,543,516,27,856,813,43,454,421,33,582,555,27
1/19/2022 18:00,535,512,23,745,722,23,413,378,35,493,470,23
1/19/2022 19:00,418,398,20,590,564,25,355,325,30,401,381,20
1/19/2022 20:00,325,305,20,500,481,19,249,224,25,352,330,22
1/19/2022 21:00,249,239,10,331,326,5,192,177,15,249,229,20
1/19/2022 22:00,189,179,10,288,276,12,143,131,12,204,195,9
1/19/2022 23:00,71,67,4,113,105,8,63,57,6,107,99,8
1/20/2022 0:00,25,22,3,43,36,7,24,23,1,47,42,5
1/20/2022 1:00,16,11,5,21,18,3,11,7,4,21,18,3
1/20/2022 2:00,7,6,1,21,19,2,11,9,2,17,14,3
1/20/2022 3:00,6,4,2,14,8,6,6,4,2,27,20,7
1/20/2022 4:00,8,4,4,20,15,5,10,6,4,32,26,6
1/20/2022 5:00,24,19,5,47,38,9,41,27,14,59,51,8
1/20/2022 6:00,106,94,12,223,195,28,97,69,28,232,203,29
1/20/2022 7:00,555,512,43,1088,1024,63,421,359,62,784,734,50
1/20/2022 8:00,755,706,49,946,875,70,567,493,74,629,562,67
1/20/2022 9:00,403,363,40,610,559,51,343,278,64,459,380,79
1/20/2022 10:00,343,306,37,651,607,44,306,258,48,495,406,89
1/20/2022 11:00,392,360,32,737,690,47,316,267,49,563,471,92
1/20/2022 12:00,402,364,37,776,729,47,367,313,54,618,546,72
1/20/2022 13:00,592,537,55,925,879,45,462,388,74,683,591,92
1/20/2022 14:00,684,641,43,1012,957,55,504,447,57,741,672,69
1/20/2022 15:00,929,875,54,1318,1266,49,631,572,59,965,881,84
1/20/2022 16:00,865,815,50,1234,1175,52,670,617,53,867,804,63
1/20/2022 17:00,577,551,26,878,833,43,417,385,32,568,528,40
1/20/2022 18:00,566,538,27,743,708,34,421,389,32,518,480,38
1/20/2022 19:00,450,432,18,692,668,21,371,344,27,421,401,19
1/20/2022 20:00,333,316,17,566,548,18,288,262,26,370,355,15
1/20/2022 21:00,263,252,11,365,354,10,199,183,16,265,255,10
1/20/2022 22:00,175,161,14,291,278,13,114,99,15,179,172,7
1/20/2022 23:00,93,85,8,128,121,7,73,63,10,118,113,5
1/21/2022 0:00,34,27,7,56,52,4,26,18,8,60,52,8
1/21/2022 1:00,22,20,2,26,21,4,13,12,1,39,39,0
1/21/2022 2:00,11,11,0,19,15,4,8,7,1,23,21,2
1/21/2022 3:00,14,9,5,15,10,5,8,5,3,23,19,4
1/21/2022 4:00,5,4,1,17,11,6,15,11,4,17,15,2
1/21/2022 5:00,24,18,6,54,44,10,45,32,13,60,50,10
1/21/2022 6:00,106,93,13,253,227,26,97,70,27,217,182,35
1/21/2022 7:00,523,473,50,1026,973,53,391,329,62,780,715,65
1/21/2022 8:00,731,681,50,827,775,52,548,471,77,645,566,79
1/21/2022 9:00,377,335,42,668,619,49,288,238,50,495,413,82
1/21/2022 10:00,359,322,37,682,622,60,270,219,51,560,480,80
1/21/2022 11:00,457,420,37,797,743,54,372,332,40,641,567,74
1/21/2022 12:00,553,511,42,949,894,55,346,309,37,681,583,98
1/21/2022 13:00,680,635,45,1068,1007,60,491,429,62,833,746,87
1/21/2022 14:00,782,727,55,1280,1219,59,566,501,65,825,741,84
1/21/2022 15:00,970,930,40,1462,1404,57,695,643,52,1004,935,69
1/21/2022 16:00,865,825,40,1367,1313,46,609,557,52,1000,939,59
1/21/2022 17:00,556,532,24,950,910,39,391,355,36,602,567,35
1/21/2022 18:00,477,453,24,698,672,26,315,287,28,518,496,22
1/21/2022 19:00,355,335,20,636,617,19,255,227,28,381,365,15
1/21/2022 20:00,259,244,15,515,496,19,174,149,25,348,336,12
1/21/2022 21:00,220,204,16,371,362,9,160,143,17,236,231,5
1/21/2022 22:00,178,167,11,288,279,8,130,119,11,232,231,1
1/21/2022 23:00,144,134,10,242,232,8,131,119,12,185,184,1
1/22/2022 0:00,89,86,3,173,164,8,93,86,7,134,130,4
1/22/2022 1:00,59,58,1,81,76,3,57,55,2,122,117,5
1/22/2022 2:00,26,25,1,58,56,2,21,21,0,61,61,0
1/22/2022 3:00,19,19,0,30,30,0,9,9,0,47,47,0
1/22/2022 4:00,8,7,1,13,12,1,13,13,0,23,21,2
1/22/2022 5:00,9,8,1,16,15,1,15,13,2,24,21,3
1/22/2022 6:00,25,22,3,70,59,11,19,14,5,53,46,7
1/22/2022 7:00,68,62,6,179,170,9,61,52,9,127,117,10
1/22/2022 8:00,82,76,6,126,119,7,80,71,9,124,118,6
1/22/2022 9:00,157,146,11,284,270,14,96,80,16,207,191,16
1/22/2022 10:00,249,236,13,471,450,21,178,160,18,366,345,21
1/22/2022 11:00,382,359,23,622,598,24,243,221,22,482,464,17
1/22/2022 12:00,510,489,21,827,804,22,343,323,20,666,648,18
1/22/2022 13:00,615,596,19,1010,989,21,372,350,22,767,734,33
1/22/2022 14:00,656,639,17,1121,1095,26,469,450,19,837,811,26
1/22/2022 15:00,716,697,19,1139,1114,23,420,397,23,810,781,29
1/22/2022 16:00,640,622,18,990,974,15,383,364,19,738,718,19
1/22/2022 17:00,507,494,13,851,837,11,311,288,23,548,538,10
1/22/2022 18:00,499,488,11,746,734,11,327,308,19,551,539,11
1/22/2022 19:00,320,310,10,485,469,15,219,206,13,418,408,10
1/22/2022 20:00,267,263,4,411,402,9,165,158,7,289,289,0
1/22/2022 21:00,215,211,4,292,288,3,135,130,5,271,269,2
1/22/2022 22:00,171,164,7,271,261,6,145,134,11,204,197,7
1/22/2022 23:00,144,141,3,279,276,3,131,123,8,221,219,2
1/23/2022 0:00,129,126,3,169,162,4,108,104,4,176,174,2
1/23/2022 1:00,87,87,0,150,147,2,87,84,3,132,131,1
1/23/2022 2:00,59,59,0,115,107,3,58,55,2,110,107,1
1/23/2022 3:00,51,49,2,75,67,5,29,29,0,107,105,2
1/23/2022 4:00,25,25,0,47,47,0,18,17,1,50,49,1
1/23/2022 5:00,11,11,0,26,25,1,9,8,1,13,12,1
1/23/2022 6:00,19,17,2,46,43,3,12,9,3,19,18,1
1/23/2022 7:00,54,50,4,129,124,5,35,29,6,79,79,0
1/23/2022 8:00,56,50,6,75,73,2,35,30,5,83,78,5
1/23/2022 9:00,69,66,3,123,117,6,51,48,3,107,100,7
1/23/2022 10:00,127,124,3,204,200,4,97,93,4,176,171,5
1/23/2022 11:00,193,185,8,313,306,7,161,148,13,257,248,9
1/23/2022 12:00,356,349,7,454,443,11,233,226,7,384,371,13
1/23/2022 13:00,397,388,9,604,583,20,317,306,11,521,507,14
1/23/2022 14:00,527,518,9,629,613,15,368,358,10,643,631,12
1/23/2022 15:00,562,545,17,732,714,18,382,369,13,559,545,14
1/23/2022 16:00,512,502,10,659,637,19,338,328,10,590,578,12
1/23/2022 17:00,408,397,11,573,553,20,318,304,14,447,435,12
1/23/2022 18:00,412,399,13,573,556,17,280,266,14,382,374,8
1/23/2022 19:00,384,375,9,543,530,11,279,267,12,416,408,8
1/23/2022 20:00,290,284,6,469,456,10,209,197,12,283,279,4
1/23/2022 21:00,218,210,8,324,315,8,154,141,13,212,208,4
1/23/2022 22:00,153,149,4,253,247,6,102,94,8,161,159,2
1/23/2022 23:00,61,55,6,147,141,5,56,45,11,101,99,2
1/24/2022 0:00,29,26,3,42,36,6,29,24,5,32,30,2
1/24/2022 1:00,9,9,0,24,23,1,12,11,1,25,25,0
1/24/2022 2:00,1,1,0,8,8,0,4,4,0,10,9,1
1/24/2022 3:00,4,4,0,10,9,1,9,8,1,17,14,3
1/24/2022 4:00,11,9,2,16,13,3,5,4,1,15,15,0
1/24/2022 5:00,31,25,6,52,47,5,53,43,10,74,68,6
1/24/2022 6:00,108,91,17,269,237,32,92,60,32,261,235,26
1/24/2022 7:00,652,606,46,1168,1103,63,469,411,58,823,758,65
1/24/2022 8:00,796,741,55,891,841,50,619,546,73,678,596,81
1/24/2022 9:00,406,352,54,685,625,60,361,296,65,542,436,106
1/24/2022 10:00,444,394,50,722,674,48,309,264,45,571,478,93
1/24/2022 11:00,500,451,49,840,767,73,400,344,55,643,528,113
1/24/2022 12:00,515,459,56,799,744,55,388,315,73,667,586,81
1/24/2022 13:00,650,600,50,984,924,59,529,448,81,771,680,87
1/24/2022 14:00,820,773,47,1068,1006,61,584,515,69,748,663,85
1/24/2022 15:00,1057,1002,55,1421,1325,91,751,678,70,960,884,76
1/24/2022 16:00,971,921,50,1180,1129,49,647,592,55,865,807,58
1/24/2022 17:00,588,560,28,841,810,29,511,476,35,659,631,28
1/24/2022 18:00,525,503,22,746,723,23,423,399,24,535,509,26
1/24/2022 19:00,467,451,16,609,591,18,380,348,32,421,401,19
1/24/2022 20:00,334,317,17,610,588,21,269,252,17,398,382,16
1/24/2022 21:00,279,262,17,437,419,18,190,176,14,291,275,16
1/24/2022 22:00,166,155,11,266,258,8,118,107,11,216,211,5
1/24/2022 23:00,71,61,10,135,122,11,66,54,12,114,108,6
1/25/2022 0:00,25,21,4,57,49,7,27,22,5,62,60,2
1/25/2022 1:00,9,6,3,25,24,1,16,14,2,32,30,2
1/25/2022 2:00,7,7,0,16,15,1,5,5,0,13,13,0
1/25/2022 3:00,6,6,0,13,12,1,5,5,0,18,16,2
1/25/2022 4:00,9,7,2,15,11,4,8,7,1,22,19,3
1/25/2022 5:00,24,19,5,47,42,5,41,28,13,61,50,11
1/25/2022 6:00,98,86,12,269,248,21,103,74,29,255,223,32
1/25/2022 7:00,629,583,46,1158,1104,53,474,413,61,832,762,70
1/25/2022 8:00,752,699,53,854,798,56,605,526,79,684,601,83
1/25/2022 9:00,418,362,56,661,611,50,332,275,57,547,449,97
1/25/2022 10:00,447,403,44,748,692,56,364,309,55,591,507,83
1/25/2022 11:00,489,448,40,825,774,51,405,345,60,651,556,95
1/25/2022 12:00,580,536,44,835,769,66,392,344,48,693,594,99
1/25/2022 13:00,629,583,46,934,880,53,528,455,73,761,667,94
1/25/2022 14:00,756,697,59,1093,1026,66,582,509,73,861,757,104
1/25/2022 15:00,1115,1064,51,1370,1311,56,825,759,66,975,897,78
1/25/2022 16:00,893,841,52,1239,1178,53,615,565,50,908,830,78
1/25/2022 17:00,585,563,22,812,782,28,459,424,35,568,523,45
1/25/2022 18:00,542,518,24,776,748,28,458,423,34,535,514,21
1/25/2022 19:00,490,469,21,727,708,19,375,349,26,444,429,15
1/25/2022 20:00,396,379,17,564,543,19,333,312,21,378,366,12
1/25/2022 21:00,260,250,10,396,389,6,203,187,16,260,248,12
1/25/2022 22:00,182,173,9,273,265,8,131,117,14,197,192,5
1/25/2022 23:00,64,54,10,135,124,11,66,55,11,126,120,6
1/26/2022 0:00,17,14,3,39,34,5,21,16,5,45,44,1
1/26/2022 1:00,4,4,0,15,14,1,6,6,0,22,21,1
1/26/2022 2:00,5,5,0,9,8,1,3,3,0,17,17,0
1/26/2022 3:00,7,7,0,15,14,1,5,5,0,17,17,0
1/26/2022 4:00,6,4,2,12,10,2,6,5,1,24,16,8
1/26/2022 5:00,18,12,6,52,47,5,41,28,13,58,50,8
1/26/2022 6:00,109,94,15,273,243,30,103,74,29,272,241,31
1/26/2022 7:00,603,557,46,1178,1121,57,487,427,60,856,797,59
1/26/2022 8:00,794,728,66,902,828,73,647,564,83,657,580,77
1/26/2022 9:00,397,355,42,661,609,52,347,294,53,508,399,109
1/26/2022 10:00,403,359,44,705,660,45,323,266,57,537,444,93
1/26/2022 11:00,472,434,38,908,834,74,379,335,44,677,570,107
1/26/2022 12:00,501,463,38,922,868,54,423,379,44,649,580,69
1/26/2022 13:00,583,544,39,1001,944,56,460,391,69,718,627,90
1/26/2022 14:00,717,675,42,1045,987,58,591,540,51,743,654,89
1/26/2022 15:00,991,934,57,1521,1456,61,731,670,61,965,899,66
1/26/2022 16:00,898,850,48,1269,1214,54,617,560,57,930,853,77
1/26/2022 17:00,592,568,24,832,807,24,505,466,39,622,577,45
1/26/2022 18:00,522,503,19,793,770,23,427,396,31,552,532,20
1/26/2022 19:00,430,415,15,726,704,22,384,355,29,427,398,29
1/26/2022 20:00,401,385,16,608,594,13,301,280,21,393,373,20
1/26/2022 21:00,271,255,16,369,350,18,206,192,14,293,278,15
1/26/2022 22:00,167,156,11,253,248,5,112,99,13,197,192,5
1/26/2022 23:00,70,62,8,127,119,8,67,57,10,90,88,2
1/27/2022 0:00,24,20,4,44,41,3,25,20,5,48,46,2
1/27/2022 1:00,5,5,0,15,15,0,10,9,1,29,27,2
1/27/2022 2:00,8,8,0,10,10,0,5,4,1,7,6,1
1/27/2022 3:00,9,9,0,11,9,2,8,8,0,16,15,1
1/27/2022 4:00,4,3,1,16,13,3,9,7,2,19,17,2
1/27/2022 5:00,21,17,4,49,45,4,39,28,11,64,54,10
1/27/2022 6:00,106,93,13,266,237,29,97,65,32,236,215,21
1/27/2022 7:00,605,559,46,1155,1106,48,473,411,62,795,737,58
1/27/2022 8:00,763,706,57,907,844,63,598,519,79,664,590,74
1/27/2022 9:00,386,352,34,700,643,57,366,312,54,543,441,102
1/27/2022 10:00,378,344,33,680,631,49,347,300,47,583,491,92
1/27/2022 11:00,460,422,38,780,731,49,388,324,64,621,542,79
1/27/2022 12:00,469,425,44,875,818,57,408,358,50,697,606,91
1/27/2022 13:00,632,585,47,974,928,46,494,433,61,765,666,99
1/27/2022 14:00,859,807,52,1169,1093,71,569,502,66,821,734,87
1/27/2022 15:00,1029,976,53,1467,1391,73,720,660,60,960,876,84
1/27/2022 16:00,955,905,50,1231,1180,50,725,683,42,876,824,51
1/27/2022 17:00,618,591,27,889,852,35,419,385,34,642,589,53
1/27/2022 18:00,552,527,25,781,747,34,435,406,29,558,524,34
1/27/2022 19:00,457,439,18,694,663,29,389,359,30,460,441,18
1/27/2022 20:00,328,313,15,559,535,22,268,247,21,365,351,14
1/27/2022 21:00,319,305,14,435,416,17,199,182,17,264,260,4
1/27/2022 22:00,199,187,12,271,254,15,137,123,14,217,213,4
1/27/2022 23:00,81,73,8,148,139,9,78,69,9,131,125,6
1/28/2022 0:00,28,25,3,58,53,5,37,30,7,60,57,3
1/28/2022 1:00,8,8,0,23,23,0,12,11,1,29,29,0
1/28/2022 2:00,9,9,0,18,16,1,8,8,0,16,16,0
1/28/2022 3:00,7,6,1,6,5,1,5,4,1,13,12,1
1/28/2022 4:00,6,5,1,12,7,5,8,7,1,27,20,7
1/28/2022 5:00,25,19,6,54,48,6,42,31,11,61,53,8
1/28/2022 6:00,104,89,15,265,243,22,98,68,30,259,218,41
1/28/2022 7:00,541,502,39,1042,984,58,411,355,56,795,725,70
1/28/2022 8:00,745,700,45,834,771,62,580,511,69,644,566,78
1/28/2022 9:00,406,354,50,637,592,45,316,252,64,511,435,76
1/28/2022 10:00,439,400,39,765,712,53,325,275,50,593,511,82
1/28/2022 11:00,545,498,47,847,801,45,413,356,57,645,574,71
1/28/2022 12:00,572,533,39,949,888,58,421,370,51,736,648,88
1/28/2022 13:00,685,632,53,1091,1033,58,491,429,62,823,720,103
1/28/2022 14:00,845,784,61,1321,1246,73,629,569,60,900,800,99
1/28/2022 15:00,1052,995,57,1488,1414,73,690,628,62,996,916,80
1/28/2022 16:00,854,812,42,1299,1229,70,611,563,48,971,900,69
1/28/2022 17:00,607,578,28,906,873,33,364,328,36,646,614,32
1/28/2022 18:00,471,443,28,735,703,29,338,306,32,527,501,26
1/28/2022 19:00,354,339,15,634,608,26,275,250,25,429,409,19
1/28/2022 20:00,271,254,17,488,462,23,195,172,23,309,299,10
1/28/2022 21:00,221,208,13,324,315,9,147,129,18,263,251,12
1/28/2022 22:00,169,159,10,262,252,10,122,111,11,226,215,11
1/28/2022 23:00,132,124,8,242,233,7,114,105,9,189,185,4
1/29/2022 0:00,72,69,3,116,111,5,73,68,5,145,140,5
1/29/2022 1:00,58,55,3,82,78,3,50,47,3,88,84,4
1/29/2022 2:00,28,28,0,48,45,1,18,17,0,57,51,6
1/29/2022 3:00,20,20,0,23,22,1,18,17,1,34,32,2
1/29/2022 4:00,7,6,1,19,17,2,3,3,0,29,28,1
1/29/2022 5:00,9,7,2,14,13,1,7,5,2,34,28,6
1/29/2022 6:00,23,21,2,85,78,7,23,17,6,75,63,12
1/29/2022 7:00,73,65,8,173,160,13,45,38,7,133,124,9
1/29/2022 8:00,87,77,10,126,117,9,59,48,11,113,104,9
1/29/2022 9:00,153,143,10,307,289,18,87,74,13,209,195,14
1/29/2022 10:00,268,250,18,473,455,18,147,130,17,370,347,23
1/29/2022 11:00,426,406,20,726,705,21,259,240,19,515,494,21
1/29/2022 12:00,529,514,15,850,830,20,308,290,18,657,632,25
1/29/2022 13:00,530,517,13,957,938,19,380,358,22,709,681,28
1/29/2022 14:00,663,641,22,1102,1076,25,435,419,16,887,854,33
1/29/2022 15:00,682,662,20,1062,1034,27,434,407,27,759,712,47
1/29/2022 16:00,582,566,16,980,958,20,367,347,20,710,678,31
1/29/2022 17:00,607,586,21,874,855,18,336,318,18,570,555,15
1/29/2022 18:00,492,476,16,707,686,18,296,272,24,518,503,15
1/29/2022 19:00,370,363,7,501,485,16,247,235,12,327,319,8
1/29/2022 20:00,280,273,7,343,333,9,182,170,12,275,271,4
1/29/2022 21:00,189,186,3,256,245,11,128,121,7,241,238,3
1/29/2022 22:00,166,160,6,283,274,9,133,119,14,205,196,9
1/29/2022 23:00,163,156,7,230,218,9,123,114,9,193,189,4
1/30/2022 0:00,111,108,3,178,170,7,101,96,5,204,189,13
1/30/2022 1:00,100,100,0,121,118,1,79,78,1,99,99,0
1/30/2022 2:00,50,49,1,82,78,4,58,56,2,60,57,2
1/30/2022 3:00,52,52,0,58,53,2,40,40,0,78,77,1
1/30/2022 4:00,28,28,0,43,39,3,21,20,1,40,39,1
1/30/2022 5:00,12,12,0,28,27,1,13,12,1,47,43,4
1/30/2022 6:00,24,21,3,46,42,4,10,5,5,46,41,5
1/30/2022 7:00,42,38,4,135,132,3,31,27,4,98,92,6
1/30/2022 8:00,40,36,4,75,70,5,36,31,5,61,55,6
1/30/2022 9:00,63,60,3,130,126,4,75,69,6,113,106,7
1/30/2022 10:00,145,140,5,206,199,7,100,94,6,210,197,13
1/30/2022 11:00,207,198,9,300,289,11,164,153,11,285,269,16
1/30/2022 12:00,366,354,12,478,464,14,235,223,12,428,411,17
1/30/2022 13:00,475,469,6,538,517,20,365,350,15,526,515,11
1/30/2022 14:00,567,555,12,732,715,17,369,357,12,634,619,15
1/30/2022 15:00,503,493,10,683,662,21,347,335,12,602,588,14
1/30/2022 16:00,434,420,14,595,577,17,294,280,14,516,495,21
1/30/2022 17:00,431,417,14,650,627,22,297,276,21,525,509,16
1/30/2022 18:00,449,437,12,559,541,18,246,234,12,398,386,12
1/30/2022 19:00,381,368,13,523,505,16,209,198,11,340,335,5
1/30/2022 20:00,281,270,11,446,435,11,178,168,10,265,262,3
1/30/2022 21:00,231,223,8,323,306,17,142,129,13,206,204,2
1/30/2022 22:00,120,113,7,233,223,8,89,78,11,164,153,11
1/30/2022 23:00,51,44,7,123,114,8,46,37,9,82,78,4
1/31/2022 0:00,19,16,3,33,28,5,12,7,5,27,26,1
1/31/2022 1:00,11,11,0,17,17,0,13,12,1,32,25,7
1/31/2022 2:00,6,6,0,8,8,0,7,7,0,8,7,1
1/31/2022 3:00,8,6,2,9,8,1,5,2,3,13,8,5
1/31/2022 4:00,7,6,1,20,15,5,9,7,2,32,28,4
1/31/2022 5:00,32,26,6,52,50,2,45,33,12,76,70,6
1/31/2022 6:00,98,81,17,259,230,29,109,80,29,253,226,27
1/31/2022 7:00,630,586,44,1149,1093,56,434,376,58,833,767,65
1/31/2022 8:00,756,699,57,916,867,49,629,555,74,728,651,77
1/31/2022 9:00,385,340,45,639,592,47,386,328,58,547,452,95
1/31/2022 10:00,433,390,43,723,668,55,354,303,51,569,482,85
1/31/2022 11:00,481,444,37,822,753,69,395,334,61,637,517,120
1/31/2022 12:00,502,461,41,842,774,68,393,344,49,702,621,81
1/31/2022 13:00,595,545,50,960,902,58,478,406,72,781,686,89
1/31/2022 14:00,743,687,56,1019,965,52,546,476,70,783,703,80
1/31/2022 15:00,968,906,61,1366,1304,61,749,682,67,884,768,73
1/31/2022 16:00,1063,1008,54,1274,1159,52,721,667,54,779,718,50
1/31/2022 17:00,641,603,38,850,803,46,498,456,42,536,492,42
1/31/2022 18:00,461,436,25,713,670,41,360,321,39,480,454,26
1/31/2022 19:00,416,396,20,613,580,29,330,299,31,393,372,21
1/31/2022 20:00,360,338,22,541,521,20,264,239,25,355,335,20
1/31/2022 21:00,221,208,13,376,357,18,189,168,21,270,259,11
1/31/2022 22:00,185,171,14,260,251,9,149,137,12,195,194,1
1/31/2022 23:00,78,68,10,94,77,15,54,40,12,88,83,5
