DateTime,Volum_SK,Volum_KO,Volum_BG,Volum_BV
1/1/2022 0:00,303,270,283,313
1/1/2022 1:00,233,148,176,249
1/1/2022 2:00,164,104,148,167
1/1/2022 3:00,106,84,106,116
1/1/2022 4:00,69,46,54,71
1/1/2022 5:00,55,32,28,33
1/1/2022 6:00,55,23,24,49
1/1/2022 7:00,83,36,50,122
1/1/2022 8:00,49,20,29,38
1/1/2022 9:00,36,26,29,54
1/1/2022 10:00,67,46,50,79
1/1/2022 11:00,103,79,101,155
1/1/2022 12:00,200,120,180,217
1/1/2022 13:00,264,172,240,304
1/1/2022 14:00,363,220,319,478
1/1/2022 15:00,387,255,389,497
1/1/2022 16:00,363,216,347,470
1/1/2022 17:00,351,201,307,405
1/1/2022 18:00,286,160,263,330
1/1/2022 19:00,246,165,220,341
1/1/2022 20:00,208,152,236,271
1/1/2022 21:00,206,123,182,287
1/1/2022 22:00,160,81,132,225
1/1/2022 23:00,95,54,88,115
1/2/2022 0:00,66,49,53,89
1/2/2022 1:00,50,31,33,59
1/2/2022 2:00,24,18,18,38
1/2/2022 3:00,18,7,7,26
1/2/2022 4:00,9,7,4,13
1/2/2022 5:00,17,7,11,14
1/2/2022 6:00,46,13,18,45
1/2/2022 7:00,104,35,42,145
1/2/2022 8:00,60,40,49,90
1/2/2022 9:00,84,22,48,103
1/2/2022 10:00,124,65,127,169
1/2/2022 11:00,224,138,183,241
1/2/2022 12:00,359,207,332,387
1/2/2022 13:00,535,355,476,508
1/2/2022 14:00,620,373,554,684
1/2/2022 15:00,652,358,550,661
1/2/2022 16:00,529,260,461,612
1/2/2022 17:00,387,231,401,516
1/2/2022 18:00,357,200,386,455
1/2/2022 19:00,327,225,339,448
1/2/2022 20:00,290,177,265,368
1/2/2022 21:00,242,142,205,324
1/2/2022 22:00,194,106,142,264
1/2/2022 23:00,122,69,84,133
1/3/2022 0:00,57,35,46,62
1/3/2022 1:00,29,19,21,31
1/3/2022 2:00,25,5,7,18
1/3/2022 3:00,16,5,6,19
1/3/2022 4:00,18,7,8,17
1/3/2022 5:00,61,34,28,59
1/3/2022 6:00,231,69,101,223
1/3/2022 7:00,773,309,480,983
1/3/2022 8:00,549,312,399,570
1/3/2022 9:00,443,271,391,553
1/3/2022 10:00,507,300,436,712
1/3/2022 11:00,587,321,432,759
1/3/2022 12:00,633,321,464,839
1/3/2022 13:00,706,400,514,941
1/3/2022 14:00,723,365,559,983
1/3/2022 15:00,860,528,819,1309
1/3/2022 16:00,849,467,773,1181
1/3/2022 17:00,497,354,502,812
1/3/2022 18:00,444,316,475,696
1/3/2022 19:00,445,296,370,656
1/3/2022 20:00,365,216,299,485
1/3/2022 21:00,292,166,235,370
1/3/2022 22:00,199,127,184,278
1/3/2022 23:00,99,70,77,112
1/4/2022 0:00,39,36,36,61
1/4/2022 1:00,45,13,14,42
1/4/2022 2:00,19,10,10,14
1/4/2022 3:00,18,9,4,11
1/4/2022 4:00,20,8,11,18
1/4/2022 5:00,69,40,23,52
1/4/2022 6:00,220,94,117,229
1/4/2022 7:00,781,341,530,1041
1/4/2022 8:00,640,486,666,763
1/4/2022 9:00,558,278,324,626
1/4/2022 10:00,568,267,371,687
1/4/2022 11:00,601,276,382,769
1/4/2022 12:00,659,362,450,781
1/4/2022 13:00,793,459,570,935
1/4/2022 14:00,811,553,766,1008
1/4/2022 15:00,946,610,874,1325
1/4/2022 16:00,789,563,835,1187
1/4/2022 17:00,522,371,520,785
1/4/2022 18:00,465,353,425,681
1/4/2022 19:00,443,301,494,655
1/4/2022 20:00,381,271,333,548
1/4/2022 21:00,263,180,253,366
1/4/2022 22:00,165,106,169,282
1/4/2022 23:00,107,72,73,108
1/5/2022 0:00,40,29,29,54
1/5/2022 1:00,30,16,16,24
1/5/2022 2:00,29,8,13,23
1/5/2022 3:00,14,7,9,13
1/5/2022 4:00,9,9,11,19
1/5/2022 5:00,64,40,27,38
1/5/2022 6:00,220,91,96,205
1/5/2022 7:00,774,354,520,998
1/5/2022 8:00,620,490,701,878
1/5/2022 9:00,511,290,336,580
1/5/2022 10:00,436,259,290,631
1/5/2022 11:00,554,330,392,749
1/5/2022 12:00,595,339,458,828
1/5/2022 13:00,640,441,578,875
1/5/2022 14:00,747,463,594,954
1/5/2022 15:00,894,673,889,1344
1/5/2022 16:00,828,566,835,1207
1/5/2022 17:00,559,415,483,763
1/5/2022 18:00,482,333,455,735
1/5/2022 19:00,355,296,367,615
1/5/2022 20:00,341,268,358,551
1/5/2022 21:00,245,168,241,372
1/5/2022 22:00,171,134,166,272
1/5/2022 23:00,98,67,83,119
1/6/2022 0:00,36,25,31,53
1/6/2022 1:00,22,16,9,36
1/6/2022 2:00,15,8,19,29
1/6/2022 3:00,26,9,8,23
1/6/2022 4:00,35,15,7,20
1/6/2022 5:00,59,32,19,48
1/6/2022 6:00,217,99,98,188
1/6/2022 7:00,750,348,489,977
1/6/2022 8:00,605,539,714,890
1/6/2022 9:00,446,287,361,625
1/6/2022 10:00,490,253,380,626
1/6/2022 11:00,580,310,400,670
1/6/2022 12:00,599,325,433,826
1/6/2022 13:00,680,446,593,922
1/6/2022 14:00,735,484,719,1019
1/6/2022 15:00,901,604,894,1311
1/6/2022 16:00,847,594,861,1231
1/6/2022 17:00,564,359,520,744
1/6/2022 18:00,487,346,463,738
1/6/2022 19:00,371,284,343,665
1/6/2022 20:00,315,244,285,502
1/6/2022 21:00,241,204,269,352
1/6/2022 22:00,192,116,165,287
1/6/2022 23:00,110,66,81,128
1/7/2022 0:00,48,37,32,56
1/7/2022 1:00,33,16,15,26
1/7/2022 2:00,21,15,18,15
1/7/2022 3:00,16,9,7,18
1/7/2022 4:00,28,9,16,25
1/7/2022 5:00,71,48,32,40
1/7/2022 6:00,206,84,93,202
1/7/2022 7:00,741,325,507,963
1/7/2022 8:00,616,510,666,801
1/7/2022 9:00,471,304,378,615
1/7/2022 10:00,568,324,391,695
1/7/2022 11:00,586,375,438,800
1/7/2022 12:00,716,374,496,956
1/7/2022 13:00,829,510,694,1065
1/7/2022 14:00,862,510,741,1128
1/7/2022 15:00,974,619,972,1445
1/7/2022 16:00,809,567,775,1156
1/7/2022 17:00,560,321,491,854
1/7/2022 18:00,455,279,366,657
1/7/2022 19:00,376,252,328,547
1/7/2022 20:00,285,182,281,466
1/7/2022 21:00,243,156,211,361
1/7/2022 22:00,195,118,174,287
1/7/2022 23:00,138,90,103,192
1/8/2022 0:00,120,63,52,138
1/8/2022 1:00,83,49,58,115
1/8/2022 2:00,43,28,36,65
1/8/2022 3:00,40,19,22,31
1/8/2022 4:00,27,5,5,21
1/8/2022 5:00,25,7,5,25
1/8/2022 6:00,53,23,23,63
1/8/2022 7:00,116,46,63,155
1/8/2022 8:00,105,79,78,120
1/8/2022 9:00,181,92,130,268
1/8/2022 10:00,279,156,238,406
1/8/2022 11:00,412,209,309,590
1/8/2022 12:00,584,279,425,731
1/8/2022 13:00,649,338,507,841
1/8/2022 14:00,787,401,617,973
1/8/2022 15:00,713,381,613,1001
1/8/2022 16:00,630,308,491,883
1/8/2022 17:00,546,309,467,742
1/8/2022 18:00,442,272,408,640
1/8/2022 19:00,298,189,263,403
1/8/2022 20:00,256,146,218,286
1/8/2022 21:00,255,119,200,279
1/8/2022 22:00,205,127,161,249
1/8/2022 23:00,133,85,117,197
1/9/2022 0:00,132,71,95,163
1/9/2022 1:00,86,67,80,141
1/9/2022 2:00,71,36,46,106
1/9/2022 3:00,49,20,28,75
1/9/2022 4:00,31,11,10,36
1/9/2022 5:00,23,10,8,20
1/9/2022 6:00,39,16,18,45
1/9/2022 7:00,99,43,61,147
1/9/2022 8:00,68,36,42,115
1/9/2022 9:00,96,46,61,112
1/9/2022 10:00,155,85,124,179
1/9/2022 11:00,275,149,169,243
1/9/2022 12:00,364,212,322,424
1/9/2022 13:00,495,369,445,518
1/9/2022 14:00,581,347,480,632
1/9/2022 15:00,618,313,483,677
1/9/2022 16:00,505,277,427,540
1/9/2022 17:00,398,233,352,545
1/9/2022 18:00,376,234,407,498
1/9/2022 19:00,349,246,381,435
1/9/2022 20:00,285,216,291,406
1/9/2022 21:00,233,141,207,345
1/9/2022 22:00,172,112,126,252
1/9/2022 23:00,93,63,72,104
1/10/2022 0:00,58,29,29,46
1/10/2022 1:00,34,15,23,25
1/10/2022 2:00,19,8,11,18
1/10/2022 3:00,13,5,7,15
1/10/2022 4:00,13,12,3,13
1/10/2022 5:00,68,39,31,54
1/10/2022 6:00,222,97,108,256
1/10/2022 7:00,788,404,565,1071
1/10/2022 8:00,676,516,659,831
1/10/2022 9:00,567,318,378,659
1/10/2022 10:00,610,290,377,662
1/10/2022 11:00,590,347,457,771
1/10/2022 12:00,666,355,478,836
1/10/2022 13:00,777,443,544,901
1/10/2022 14:00,829,470,693,1000
1/10/2022 15:00,942,663,923,1348
1/10/2022 16:00,928,643,923,1276
1/10/2022 17:00,587,406,520,813
1/10/2022 18:00,490,360,477,662
1/10/2022 19:00,394,320,384,687
1/10/2022 20:00,363,269,303,545
1/10/2022 21:00,263,143,211,348
1/10/2022 22:00,187,122,170,260
1/10/2022 23:00,128,65,67,108
1/11/2022 0:00,35,21,24,50
1/11/2022 1:00,14,13,11,23
1/11/2022 2:00,9,3,4,15
1/11/2022 3:00,12,5,5,10
1/11/2022 4:00,12,9,5,14
1/11/2022 5:00,53,36,31,48
1/11/2022 6:00,231,90,105,244
1/11/2022 7:00,827,421,578,1122
1/11/2022 8:00,647,540,733,830
1/11/2022 9:00,523,272,337,648
1/11/2022 10:00,627,359,400,665
1/11/2022 11:00,651,379,458,782
1/11/2022 12:00,685,350,474,822
1/11/2022 13:00,713,469,623,945
1/11/2022 14:00,837,541,799,1082
1/11/2022 15:00,991,668,957,1397
1/11/2022 16:00,807,568,915,1247
1/11/2022 17:00,540,410,558,784
1/11/2022 18:00,485,372,450,738
1/11/2022 19:00,430,344,451,662
1/11/2022 20:00,419,267,355,560
1/11/2022 21:00,269,171,260,368
1/11/2022 22:00,176,94,157,265
1/11/2022 23:00,119,77,94,121
1/12/2022 0:00,31,30,27,35
1/12/2022 1:00,22,8,7,20
1/12/2022 2:00,20,7,10,14
1/12/2022 3:00,12,2,3,11
1/12/2022 4:00,15,11,6,14
1/12/2022 5:00,54,35,27,42
1/12/2022 6:00,241,107,113,243
1/12/2022 7:00,804,412,554,1080
1/12/2022 8:00,644,575,746,825
1/12/2022 9:00,511,308,337,636
1/12/2022 10:00,529,305,399,647
1/12/2022 11:00,566,357,422,715
1/12/2022 12:00,586,319,444,735
1/12/2022 13:00,695,416,541,904
1/12/2022 14:00,766,571,705,1029
1/12/2022 15:00,966,690,974,1307
1/12/2022 16:00,791,563,787,1117
1/12/2022 17:00,466,362,454,697
1/12/2022 18:00,388,309,398,553
1/12/2022 19:00,318,270,310,540
1/12/2022 20:00,284,239,277,438
1/12/2022 21:00,209,155,213,300
1/12/2022 22:00,185,122,154,224
1/12/2022 23:00,90,81,70,112
1/13/2022 0:00,35,35,21,35
1/13/2022 1:00,29,5,12,27
1/13/2022 2:00,14,3,9,13
1/13/2022 3:00,8,3,5,11
1/13/2022 4:00,26,12,7,19
1/13/2022 5:00,47,35,21,44
1/13/2022 6:00,233,94,102,234
1/13/2022 7:00,783,405,529,1078
1/13/2022 8:00,655,566,737,836
1/13/2022 9:00,467,311,339,631
1/13/2022 10:00,491,254,360,694
1/13/2022 11:00,538,363,465,685
1/13/2022 12:00,623,399,473,773
1/13/2022 13:00,706,498,627,955
1/13/2022 14:00,785,524,824,1080
1/13/2022 15:00,883,665,926,1371
1/13/2022 16:00,826,606,855,1150
1/13/2022 17:00,498,366,511,750
1/13/2022 18:00,485,331,464,684
1/13/2022 19:00,364,305,398,621
1/13/2022 20:00,376,217,303,540
1/13/2022 21:00,217,125,243,313
1/13/2022 22:00,184,119,185,271
1/13/2022 23:00,115,78,85,123
1/14/2022 0:00,51,31,33,47
1/14/2022 1:00,25,17,16,26
1/14/2022 2:00,22,4,14,14
1/14/2022 3:00,25,4,8,11
1/14/2022 4:00,17,11,9,16
1/14/2022 5:00,70,38,26,41
1/14/2022 6:00,220,103,115,233
1/14/2022 7:00,730,368,551,1025
1/14/2022 8:00,636,529,727,800
1/14/2022 9:00,500,310,391,626
1/14/2022 10:00,602,330,359,724
1/14/2022 11:00,661,341,451,856
1/14/2022 12:00,752,436,569,942
1/14/2022 13:00,793,505,666,1120
1/14/2022 14:00,874,582,783,1223
1/14/2022 15:00,1029,666,1030,1548
1/14/2022 16:00,960,615,913,1327
1/14/2022 17:00,589,335,524,925
1/14/2022 18:00,447,273,386,742
1/14/2022 19:00,405,267,371,615
1/14/2022 20:00,322,197,260,493
1/14/2022 21:00,254,156,189,304
1/14/2022 22:00,199,116,165,278
1/14/2022 23:00,156,96,120,175
1/15/2022 0:00,132,75,94,130
1/15/2022 1:00,85,33,46,73
1/15/2022 2:00,59,25,41,75
1/15/2022 3:00,48,10,17,41
1/15/2022 4:00,31,2,7,15
1/15/2022 5:00,39,12,14,25
1/15/2022 6:00,60,22,23,63
1/15/2022 7:00,127,42,74,137
1/15/2022 8:00,110,56,73,104
1/15/2022 9:00,209,94,141,305
1/15/2022 10:00,332,174,240,467
1/15/2022 11:00,512,277,430,697
1/15/2022 12:00,657,335,509,888
1/15/2022 13:00,750,426,630,1044
1/15/2022 14:00,829,452,721,1166
1/15/2022 15:00,784,448,703,1146
1/15/2022 16:00,691,340,625,990
1/15/2022 17:00,560,310,485,854
1/15/2022 18:00,458,270,456,750
1/15/2022 19:00,292,193,297,434
1/15/2022 20:00,271,159,239,361
1/15/2022 21:00,245,131,224,289
1/15/2022 22:00,205,117,184,289
1/15/2022 23:00,191,107,152,238
1/16/2022 0:00,199,90,135,220
1/16/2022 1:00,175,92,113,165
1/16/2022 2:00,105,60,62,112
1/16/2022 3:00,64,27,35,72
1/16/2022 4:00,48,15,19,27
1/16/2022 5:00,38,9,15,16
1/16/2022 6:00,38,20,18,46
1/16/2022 7:00,98,36,52,113
1/16/2022 8:00,59,27,44,76
1/16/2022 9:00,77,40,68,94
1/16/2022 10:00,171,102,157,199
1/16/2022 11:00,326,159,234,313
1/16/2022 12:00,411,300,444,426
1/16/2022 13:00,556,331,457,555
1/16/2022 14:00,600,377,550,636
1/16/2022 15:00,586,367,560,668
1/16/2022 16:00,430,258,389,517
1/16/2022 17:00,382,268,329,432
1/16/2022 18:00,300,207,299,402
1/16/2022 19:00,255,186,266,339
1/16/2022 20:00,192,140,219,288
1/16/2022 21:00,179,132,156,257
1/16/2022 22:00,128,80,110,208
1/16/2022 23:00,68,42,49,70
1/17/2022 0:00,39,20,20,48
1/17/2022 1:00,26,14,14,18
1/17/2022 2:00,22,3,3,7
1/17/2022 3:00,14,4,5,12
1/17/2022 4:00,19,10,6,13
1/17/2022 5:00,59,46,31,45
1/17/2022 6:00,235,101,108,249
1/17/2022 7:00,837,443,616,1160
1/17/2022 8:00,734,605,767,961
1/17/2022 9:00,527,335,429,684
1/17/2022 10:00,537,294,411,658
1/17/2022 11:00,612,312,421,736
1/17/2022 12:00,606,362,466,807
1/17/2022 13:00,768,475,600,990
1/17/2022 14:00,776,515,726,1064
1/17/2022 15:00,989,700,1003,1419
1/17/2022 16:00,900,659,957,1165
1/17/2022 17:00,579,490,605,776
1/17/2022 18:00,504,412,511,768
1/17/2022 19:00,455,384,410,662
1/17/2022 20:00,378,258,372,564
1/17/2022 21:00,315,199,270,386
1/17/2022 22:00,227,134,172,268
1/17/2022 23:00,94,76,50,114
1/18/2022 0:00,53,31,32,53
1/18/2022 1:00,26,9,12,19
1/18/2022 2:00,11,5,14,12
1/18/2022 3:00,25,9,7,11
1/18/2022 4:00,23,5,8,15
1/18/2022 5:00,64,39,28,43
1/18/2022 6:00,234,92,111,251
1/18/2022 7:00,818,443,602,1148
1/18/2022 8:00,694,594,747,849
1/18/2022 9:00,517,332,354,642
1/18/2022 10:00,554,308,379,692
1/18/2022 11:00,624,372,470,777
1/18/2022 12:00,631,376,465,818
1/18/2022 13:00,775,454,557,952
1/18/2022 14:00,754,527,789,1063
1/18/2022 15:00,968,703,955,1334
1/18/2022 16:00,837,616,846,1119
1/18/2022 17:00,575,489,582,862
1/18/2022 18:00,476,449,488,781
1/18/2022 19:00,439,369,481,681
1/18/2022 20:00,370,275,361,529
1/18/2022 21:00,310,220,311,348
1/18/2022 22:00,203,122,196,281
1/18/2022 23:00,130,69,80,121
1/19/2022 0:00,45,21,22,52
1/19/2022 1:00,26,11,9,15
1/19/2022 2:00,16,2,6,12
1/19/2022 3:00,18,2,6,14
1/19/2022 4:00,14,5,5,11
1/19/2022 5:00,52,39,23,45
1/19/2022 6:00,234,106,100,272
1/19/2022 7:00,827,433,586,1136
1/19/2022 8:00,681,676,803,897
1/19/2022 9:00,500,339,343,630
1/19/2022 10:00,505,306,382,741
1/19/2022 11:00,621,383,470,802
1/19/2022 12:00,635,388,492,790
1/19/2022 13:00,728,423,585,1057
1/19/2022 14:00,768,505,635,1025
1/19/2022 15:00,984,687,962,1397
1/19/2022 16:00,873,688,961,1252
1/19/2022 17:00,582,454,543,856
1/19/2022 18:00,493,413,535,745
1/19/2022 19:00,401,355,418,590
1/19/2022 20:00,352,249,325,500
1/19/2022 21:00,249,192,249,331
1/19/2022 22:00,204,143,189,288
1/19/2022 23:00,107,63,71,113
1/20/2022 0:00,47,24,25,43
1/20/2022 1:00,21,11,16,21
1/20/2022 2:00,17,11,7,21
1/20/2022 3:00,27,6,6,14
1/20/2022 4:00,32,10,8,20
1/20/2022 5:00,59,41,24,47
1/20/2022 6:00,232,97,106,223
1/20/2022 7:00,784,421,555,1088
1/20/2022 8:00,629,567,755,946
1/20/2022 9:00,459,343,403,610
1/20/2022 10:00,495,306,343,651
1/20/2022 11:00,563,316,392,737
1/20/2022 12:00,618,367,402,776
1/20/2022 13:00,683,462,592,925
1/20/2022 14:00,741,504,684,1012
1/20/2022 15:00,965,631,929,1318
1/20/2022 16:00,867,670,865,1234
1/20/2022 17:00,568,417,577,878
1/20/2022 18:00,518,421,566,743
1/20/2022 19:00,421,371,450,692
1/20/2022 20:00,370,288,333,566
1/20/2022 21:00,265,199,263,365
1/20/2022 22:00,179,114,175,291
1/20/2022 23:00,118,73,93,128
1/21/2022 0:00,60,26,34,56
1/21/2022 1:00,39,13,22,26
1/21/2022 2:00,23,8,11,19
1/21/2022 3:00,23,8,14,15
1/21/2022 4:00,17,15,5,17
1/21/2022 5:00,60,45,24,54
1/21/2022 6:00,217,97,106,253
1/21/2022 7:00,780,391,523,1026
1/21/2022 8:00,645,548,731,827
1/21/2022 9:00,495,288,377,668
1/21/2022 10:00,560,270,359,682
1/21/2022 11:00,641,372,457,797
1/21/2022 12:00,681,346,553,949
1/21/2022 13:00,833,491,680,1068
1/21/2022 14:00,825,566,782,1280
1/21/2022 15:00,1004,695,970,1462
1/21/2022 16:00,1000,609,865,1367
1/21/2022 17:00,602,391,556,950
1/21/2022 18:00,518,315,477,698
1/21/2022 19:00,381,255,355,636
1/21/2022 20:00,348,174,259,515
1/21/2022 21:00,236,160,220,371
1/21/2022 22:00,232,130,178,288
1/21/2022 23:00,185,131,144,242
1/22/2022 0:00,134,93,89,173
1/22/2022 1:00,122,57,59,81
1/22/2022 2:00,61,21,26,58
1/22/2022 3:00,47,9,19,30
1/22/2022 4:00,23,13,8,13
1/22/2022 5:00,24,15,9,16
1/22/2022 6:00,53,19,25,70
1/22/2022 7:00,127,61,68,179
1/22/2022 8:00,124,80,82,126
1/22/2022 9:00,207,96,157,284
1/22/2022 10:00,366,178,249,471
1/22/2022 11:00,482,243,382,622
1/22/2022 12:00,666,343,510,827
1/22/2022 13:00,767,372,615,1010
1/22/2022 14:00,837,469,656,1121
1/22/2022 15:00,810,420,716,1139
1/22/2022 16:00,738,383,640,990
1/22/2022 17:00,548,311,507,851
1/22/2022 18:00,551,327,499,746
1/22/2022 19:00,418,219,320,485
1/22/2022 20:00,289,165,267,411
1/22/2022 21:00,271,135,215,292
1/22/2022 22:00,204,145,171,271
1/22/2022 23:00,221,131,144,279
1/23/2022 0:00,176,108,129,169
1/23/2022 1:00,132,87,87,150
1/23/2022 2:00,110,58,59,115
1/23/2022 3:00,107,29,51,75
1/23/2022 4:00,50,18,25,47
1/23/2022 5:00,13,9,11,26
1/23/2022 6:00,19,12,19,46
1/23/2022 7:00,79,35,54,129
1/23/2022 8:00,83,35,56,75
1/23/2022 9:00,107,51,69,123
1/23/2022 10:00,176,97,127,204
1/23/2022 11:00,257,161,193,313
1/23/2022 12:00,384,233,356,454
1/23/2022 13:00,521,317,397,604
1/23/2022 14:00,643,368,527,629
1/23/2022 15:00,559,382,562,732
1/23/2022 16:00,590,338,512,659
1/23/2022 17:00,447,318,408,573
1/23/2022 18:00,382,280,412,573
1/23/2022 19:00,416,279,384,543
1/23/2022 20:00,283,209,290,469
1/23/2022 21:00,212,154,218,324
1/23/2022 22:00,161,102,153,253
1/23/2022 23:00,101,56,61,147
1/24/2022 0:00,32,29,29,42
1/24/2022 1:00,25,12,9,24
1/24/2022 2:00,10,4,1,8
1/24/2022 3:00,17,9,4,10
1/24/2022 4:00,15,5,11,16
1/24/2022 5:00,74,53,31,52
1/24/2022 6:00,261,92,108,269
1/24/2022 7:00,823,469,652,1168
1/24/2022 8:00,678,619,796,891
1/24/2022 9:00,542,361,406,685
1/24/2022 10:00,571,309,444,722
1/24/2022 11:00,643,400,500,840
1/24/2022 12:00,667,388,515,799
1/24/2022 13:00,771,529,650,984
1/24/2022 14:00,748,584,820,1068
1/24/2022 15:00,960,751,1057,1421
1/24/2022 16:00,865,647,971,1180
1/24/2022 17:00,659,511,588,841
1/24/2022 18:00,535,423,525,746
1/24/2022 19:00,421,380,467,609
1/24/2022 20:00,398,269,334,610
1/24/2022 21:00,291,190,279,437
1/24/2022 22:00,216,118,166,266
1/24/2022 23:00,114,66,71,135
1/25/2022 0:00,62,27,25,57
1/25/2022 1:00,32,16,9,25
1/25/2022 2:00,13,5,7,16
1/25/2022 3:00,18,5,6,13
1/25/2022 4:00,22,8,9,15
1/25/2022 5:00,61,41,24,47
1/25/2022 6:00,255,103,98,269
1/25/2022 7:00,832,474,629,1158
1/25/2022 8:00,684,605,752,854
1/25/2022 9:00,547,332,418,661
1/25/2022 10:00,591,364,447,748
1/25/2022 11:00,651,405,489,825
1/25/2022 12:00,693,392,580,835
1/25/2022 13:00,761,528,629,934
1/25/2022 14:00,861,582,756,1093
1/25/2022 15:00,975,825,1115,1370
1/25/2022 16:00,908,615,893,1239
1/25/2022 17:00,568,459,585,812
1/25/2022 18:00,535,458,542,776
1/25/2022 19:00,444,375,490,727
1/25/2022 20:00,378,333,396,564
1/25/2022 21:00,260,203,260,396
1/25/2022 22:00,197,131,182,273
1/25/2022 23:00,126,66,64,135
1/26/2022 0:00,45,21,17,39
1/26/2022 1:00,22,6,4,15
1/26/2022 2:00,17,3,5,9
1/26/2022 3:00,17,5,7,15
1/26/2022 4:00,24,6,6,12
1/26/2022 5:00,58,41,18,52
1/26/2022 6:00,272,103,109,273
1/26/2022 7:00,856,487,603,1178
1/26/2022 8:00,657,647,794,902
1/26/2022 9:00,508,347,397,661
1/26/2022 10:00,537,323,403,705
1/26/2022 11:00,677,379,472,908
1/26/2022 12:00,649,423,501,922
1/26/2022 13:00,718,460,583,1001
1/26/2022 14:00,743,591,717,1045
1/26/2022 15:00,965,731,991,1521
1/26/2022 16:00,930,617,898,1269
1/26/2022 17:00,622,505,592,832
1/26/2022 18:00,552,427,522,793
1/26/2022 19:00,427,384,430,726
1/26/2022 20:00,393,301,401,608
1/26/2022 21:00,293,206,271,369
1/26/2022 22:00,197,112,167,253
1/26/2022 23:00,90,67,70,127
1/27/2022 0:00,48,25,24,44
1/27/2022 1:00,29,10,5,15
1/27/2022 2:00,7,5,8,10
1/27/2022 3:00,16,8,9,11
1/27/2022 4:00,19,9,4,16
1/27/2022 5:00,64,39,21,49
1/27/2022 6:00,236,97,106,266
1/27/2022 7:00,795,473,605,1155
1/27/2022 8:00,664,598,763,907
1/27/2022 9:00,543,366,386,700
1/27/2022 10:00,583,347,378,680
1/27/2022 11:00,621,388,460,780
1/27/2022 12:00,697,408,469,875
1/27/2022 13:00,765,494,632,974
1/27/2022 14:00,821,569,859,1169
1/27/2022 15:00,960,720,1029,1467
1/27/2022 16:00,876,725,955,1231
1/27/2022 17:00,642,419,618,889
1/27/2022 18:00,558,435,552,781
1/27/2022 19:00,460,389,457,694
1/27/2022 20:00,365,268,328,559
1/27/2022 21:00,264,199,319,435
1/27/2022 22:00,217,137,199,271
1/27/2022 23:00,131,78,81,148
1/28/2022 0:00,60,37,28,58
1/28/2022 1:00,29,12,8,23
1/28/2022 2:00,16,8,9,18
1/28/2022 3:00,13,5,7,6
1/28/2022 4:00,27,8,6,12
1/28/2022 5:00,61,42,25,54
1/28/2022 6:00,259,98,104,265
1/28/2022 7:00,795,411,541,1042
1/28/2022 8:00,644,580,745,834
1/28/2022 9:00,511,316,406,637
1/28/2022 10:00,593,325,439,765
1/28/2022 11:00,645,413,545,847
1/28/2022 12:00,736,421,572,949
1/28/2022 13:00,823,491,685,1091
1/28/2022 14:00,900,629,845,1321
1/28/2022 15:00,996,690,1052,1488
1/28/2022 16:00,971,611,854,1299
1/28/2022 17:00,646,364,607,906
1/28/2022 18:00,527,338,471,735
1/28/2022 19:00,429,275,354,634
1/28/2022 20:00,309,195,271,488
1/28/2022 21:00,263,147,221,324
1/28/2022 22:00,226,122,169,262
1/28/2022 23:00,189,114,132,242
1/29/2022 0:00,145,73,72,116
1/29/2022 1:00,88,50,58,82
1/29/2022 2:00,57,18,28,48
1/29/2022 3:00,34,18,20,23
1/29/2022 4:00,29,3,7,19
1/29/2022 5:00,34,7,9,14
1/29/2022 6:00,75,23,23,85
1/29/2022 7:00,133,45,73,173
1/29/2022 8:00,113,59,87,126
1/29/2022 9:00,209,87,153,307
1/29/2022 10:00,370,147,268,473
1/29/2022 11:00,515,259,426,726
1/29/2022 12:00,657,308,529,850
1/29/2022 13:00,709,380,530,957
1/29/2022 14:00,887,435,663,1102
1/29/2022 15:00,759,434,682,1062
1/29/2022 16:00,710,367,582,980
1/29/2022 17:00,570,336,607,874
1/29/2022 18:00,518,296,492,707
1/29/2022 19:00,327,247,370,501
1/29/2022 20:00,275,182,280,343
1/29/2022 21:00,241,128,189,256
1/29/2022 22:00,205,133,166,283
1/29/2022 23:00,193,123,163,230
1/30/2022 0:00,204,101,111,178
1/30/2022 1:00,99,79,100,121
1/30/2022 2:00,60,58,50,82
1/30/2022 3:00,78,40,52,58
1/30/2022 4:00,40,21,28,43
1/30/2022 5:00,47,13,12,28
1/30/2022 6:00,46,10,24,46
1/30/2022 7:00,98,31,42,135
1/30/2022 8:00,61,36,40,75
1/30/2022 9:00,113,75,63,130
1/30/2022 10:00,210,100,145,206
1/30/2022 11:00,285,164,207,300
1/30/2022 12:00,428,235,366,478
1/30/2022 13:00,526,365,475,538
1/30/2022 14:00,634,369,567,732
1/30/2022 15:00,602,347,503,683
1/30/2022 16:00,516,294,434,595
1/30/2022 17:00,525,297,431,650
1/30/2022 18:00,398,246,449,559
1/30/2022 19:00,340,209,381,523
1/30/2022 20:00,265,178,281,446
1/30/2022 21:00,206,142,231,323
1/30/2022 22:00,164,89,120,233
1/30/2022 23:00,82,46,51,123
1/31/2022 0:00,27,12,19,33
1/31/2022 1:00,32,13,11,17
1/31/2022 2:00,8,7,6,8
1/31/2022 3:00,13,5,8,9
1/31/2022 4:00,32,9,7,20
1/31/2022 5:00,76,45,32,52
1/31/2022 6:00,253,109,98,259
1/31/2022 7:00,833,434,630,1149
1/31/2022 8:00,728,629,756,916
1/31/2022 9:00,547,386,385,639
1/31/2022 10:00,569,354,433,723
1/31/2022 11:00,637,395,481,822
1/31/2022 12:00,702,393,502,842
1/31/2022 13:00,781,478,595,960
1/31/2022 14:00,783,546,743,1019
1/31/2022 15:00,884,749,968,1366
1/31/2022 16:00,779,721,1063,1274
1/31/2022 17:00,536,498,641,850
1/31/2022 18:00,480,360,461,713
1/31/2022 19:00,393,330,416,613
1/31/2022 20:00,355,264,360,541
1/31/2022 21:00,270,189,221,376
1/31/2022 22:00,195,149,185,260
1/31/2022 23:00,88,54,78,94
