latitude,longitude,score
62.47307310003797,6.186643499999999,0.7051933552304743
62.47307310003797,6.1868435,0.7051934281548358
62.47307310003797,6.1870435,0.705193493066304
62.47307310003797,6.1872435,0.7051935477544495
62.47307310003797,6.187443499999998,0.7051935906884752
62.47307310003797,6.1876435,0.7038949205203625
62.47307310003796,6.1878435,0.7038949412584896
62.47307310003796,6.188043499999999,0.7038949536534783
62.47307310003796,6.1882435,0.7064923622010844
62.47307310003797,6.188443499999999,0.707791064426007
62.47307310003797,6.1886435,0.7103884638660289
62.47307310003797,6.188843500000002,0.7155832686711225
62.47307310003797,6.189043499999999,0.7181807529931576
62.47307310003797,6.189243499999998,0.7220769358781903
62.47307310003797,6.1894434999999985,0.7233757127802692
62.47307310003797,6.1896435,0.724674485367787
62.47307310003797,6.1898434999999985,0.7259732522021431
62.47307310003797,6.190043499999999,0.7272720108496403
62.47307310003797,6.190243499999999,0.7272720557147833
62.47307310003797,6.1904435,0.7272720815393263
62.47307310003796,6.190643499999999,0.7272720831470447
62.47307310003796,6.1908435,0.724674660019188
62.47307310003796,6.191043499999999,0.7246746245651443
62.47307310003797,6.191243499999999,0.723375881408501
62.47307310003797,6.1914435,0.7233758362271759
62.47307310003797,6.191643499999999,0.7233757891005161
62.47307310003797,6.191843499999999,0.7233757407630942
62.47307310003797,6.1920435,0.7233756916299258
62.47307310003797,6.1922435,0.7233756419492902
62.47307310003797,6.192443500000001,0.7220768891163063
62.47307310003797,6.192643499999999,0.7194794301398872
62.47307310003797,6.1928435,0.7155832651782412
62.47307310003797,6.193043499999999,0.712985797166988
62.47307310003797,6.1932434999999995,0.7103883251934948
62.47307310003797,6.193443499999999,0.7064921744930995
62.47307310003796,6.1936435,0.7038947244511489
62.47307310003796,6.193843499999998,0.7012972700453359
62.47307310003797,6.194043499999999,0.6974011123678382
62.47317310003797,6.186643500000001,0.703894683718366
62.47317310003797,6.1868435,0.7038947594085039
62.47317310003797,6.187043499999999,0.7038948269137103
62.47317310003797,6.187243499999999,0.7038948834219604
62.47317310003797,6.187443499999999,0.7025962255627807
62.47317310003797,6.187643500000001,0.7025962558998092
62.47317310003797,6.1878435,0.701297573805373
62.47317310003797,6.188043499999999,0.7012975845271188
62.47317310003797,6.1882435,0.7038949916105376
62.47317310003797,6.188443499999999,0.7051936927047209
62.47317310003797,6.1886435,0.7064923900571611
62.47317310003797,6.1888435,0.7103884875238519
62.47317310003797,6.189043499999999,0.7129859735636248
62.47317310003797,6.189243499999998,0.7155834571275959
62.47317310003797,6.189443499999999,0.7168822363503966
62.47317310003797,6.189643499999999,0.719479713030881
62.47317310003797,6.189843499999998,0.7207784833309243
62.47317310003797,6.1900435,0.7207785450396961
62.47317310003797,6.190243499999999,0.720778594960944
62.47317310003797,6.1904435,0.7207786244210033
62.47317310003797,6.190643499999999,0.7207786249862728
62.47317310003797,6.1908435,0.7207786003771671
62.47317310003797,6.191043499999998,0.7207785609839955
62.47317310003797,6.191243499999998,0.7194798149114783
62.47317310003797,6.191443499999999,0.7194797676308401
62.47317310003797,6.191643499999999,0.7194797189647486
62.47317310003797,6.191843499999999,0.7207783707645853
62.47317310003797,6.1920435,0.7207783207304412
62.47317310003797,6.1922435,0.7194795690347813
62.47317310003797,6.1924434999999995,0.7181808154807956
62.47317310003797,6.1926435,0.7155833556489064
62.47317310003797,6.1928435,0.7129858910135971
62.47317310003797,6.193043499999999,0.710388421936299
62.47317310003797,6.1932434999999995,0.70779094883472
62.47317310003797,6.193443499999999,0.7064922030389136
62.47317310003797,6.193643499999999,0.7038947528583201
62.47317310003797,6.1938435,0.7012972981621778
62.47317310003797,6.194043499999999,0.6986998416058436
62.47327310003797,6.1866435,0.702596010673078
62.47327310003797,6.186843499999998,0.7025960894000809
62.47327310003797,6.1870435,0.7025961599019968
62.47327310003797,6.1872435,0.7025962185681361
62.47327310003797,6.1874435,0.7012975611987659
62.47327310003797,6.1876435,0.6999988890824056
62.47327310003797,6.1878435,0.699998906338479
62.47327310003797,6.188043499999999,0.6999989151098817
62.47327310003797,6.188243499999999,0.7012976193044265
62.47327310003797,6.1884435,0.702596319245248
62.47327310003797,6.188643499999999,0.7038950158458157
62.47327310003797,6.1888435,0.7051937095696973
62.47327310003797,6.189043499999999,0.7077911921376628
62.47327310003797,6.1892435,0.7103886775228763
62.47327310003797,6.189443499999998,0.711687458883991
62.47327310003797,6.189643499999999,0.7129862368593595
62.47327310003797,6.1898435,0.7142850104589631
62.47327310003797,6.190043499999999,0.715583777907041
62.47327310003797,6.190243499999999,0.7155838337906284
62.47327310003797,6.190443499999999,0.7155838684686318
62.47327310003797,6.190643499999999,0.7155838671940452
62.47327310003797,6.1908435,0.7168825384911531
62.47327310003797,6.191043499999999,0.716882494893982
62.47327310003797,6.191243499999998,0.7168824473745788
62.47327310003797,6.191443499999999,0.7168823982497554
62.47327310003797,6.1916435000000005,0.7168823482845016
62.47327310003797,6.191843499999999,0.7168822978293816
62.47327310003797,6.1920435,0.7168822470652819
62.47327310003797,6.192243499999998,0.7168821960943252
62.47327310003797,6.1924434999999995,0.7155834419225512
62.47327310003797,6.192643500000001,0.7129859812983286
62.47327310003797,6.1928435,0.7103885157231454
62.47327310003797,6.1930435,0.7077910455919673
62.47327310003797,6.1932434999999995,0.706492273739786
62.47327310003797,6.1934435,0.7051935294540256
62.47327310003797,6.193643499999999,0.705193481790116
62.47327310003797,6.1938435,0.7025960268478963
62.47327310003797,6.1940434999999985,0.698699868854864
62.473373100037975,6.186643500000001,0.7012973358213088
62.473373100037975,6.1868435,0.7012974178514989
62.473373100037975,6.1870435,0.6999987905459095
62.473373100037975,6.1872435,0.7012975531504622
62.473373100037975,6.187443499999999,0.6999988962494359
62.473373100037975,6.1876435,0.6987002224681886
62.473373100037975,6.1878435,0.6987002372704889
62.473373100037975,6.188043500000001,0.698700243818049
62.473373100037975,6.188243500000001,0.6987002450410227
62.473373100037975,6.1884435,0.6999989438521901
62.473373100037975,6.1886435,0.7012976397755123
62.473373100037975,6.1888435,0.70129763188467
62.473373100037975,6.189043499999999,0.7038951099036993
62.473373100037975,6.1892435,0.7064925969166442
62.473373100037975,6.1894434999999985,0.7064926788726713
62.473373100037975,6.189643499999999,0.7090901604262411
62.473373100037975,6.1898434999999985,0.7090902356407396
62.473373100037975,6.190043499999999,0.710389007200136
62.473373100037975,6.190243499999999,0.7103890695951722
62.473373100037975,6.1904435,0.710389112249441
62.473373100037975,6.190643499999999,0.7116878087408585
62.473373100037975,6.1908435,0.7129864732187319
62.473373100037975,6.191043499999999,0.7116877243387513
62.473373100037975,6.1912435,0.7129863758378863
62.473373100037975,6.191443499999999,0.712986325275615
62.473373100037975,6.191643499999999,0.714284975630357
62.473373100037975,6.1918435,0.7142849244692078
62.473373100037975,6.1920435,0.7142848731730099
62.473373100037975,6.1922435,0.7142848217872236
62.473373100037975,6.1924434999999995,0.7129860671092979
62.473373100037975,6.192643499999999,0.7103886057575413
62.473373100037975,6.1928435,0.7077911392727159
62.473373100037975,6.1930435,0.7064923693948346
62.473373100037975,6.1932434999999995,0.7038948978285791
62.473373100037975,6.193443499999999,0.7038948550265665
62.473373100037975,6.193643499999999,0.7038948073426983
62.473373100037975,6.193843500000001,0.7025960534986366
62.473373100037975,6.1940434999999985,0.6999985967068616
62.47347310003797,6.1866435,0.6986999575315936
62.47347310003797,6.186843499999998,0.6987000430824892
62.47347310003797,6.1870435,0.6987001211504176
62.47347310003797,6.187243499999999,0.6987001858062505
62.47347310003797,6.187443499999999,0.6987002306418353
62.47347310003797,6.187643500000001,0.6974015544532213
62.47347310003797,6.1878435,0.6974015662101529
62.47347310003797,6.188043499999999,0.6974015703078609
62.47347310003797,6.1882435,0.697401569850927
62.47347310003797,6.1884435,0.6987002676191342
62.47347310003797,6.188643499999999,0.6987002616859543
62.47347310003797,6.188843500000002,0.6987002536069143
62.47347310003797,6.189043499999999,0.7012977267665463
62.47347310003797,6.189243499999998,0.7038952151831817
62.47347310003797,6.189443499999998,0.7038952987354762
62.47347310003797,6.1896435,0.7064927821518769
62.47347310003797,6.1898434999999985,0.7064928596652527
62.47347310003797,6.190043499999999,0.7064929331302297
62.47347310003797,6.190243499999999,0.7077917025515437
62.47347310003797,6.1904435,0.7077917576988448
62.47347310003797,6.1906435,0.7077917455659363
62.47347310003797,6.1908435,0.7077917017456934
62.47347310003797,6.191043499999999,0.7077916512647977
62.47347310003797,6.191243499999999,0.7077915999879811
62.47347310003797,6.1914435,0.7090902498372038
62.47347310003797,6.191643499999999,0.7090901983038
62.47347310003797,6.191843499999999,0.7103888480220466
62.47347310003797,6.1920435000000005,0.7116874977112885
62.47347310003797,6.1922435,0.7116874460826923
62.47347310003797,6.192443499999999,0.7103886910153099
62.47347310003797,6.192643499999999,0.7077912289992785
62.47347310003797,6.1928435,0.706492462928684
62.47347310003797,6.1930435,0.7038949907093803
62.47347310003797,6.1932434999999995,0.7038949235711607
62.47347310003797,6.1934435,0.7038948810471137
62.47347310003797,6.1936434999999985,0.7038948334066695
62.47347310003797,6.193843500000001,0.7025960794085186
62.47347310003797,6.194043499999999,0.6986999212618757
62.47357310003796,6.1866435,0.6961025767104794
62.47357310003796,6.186843500000001,0.696102665872674
62.47357310003796,6.187043499999999,0.6974014499355076
62.47357310003796,6.187243499999999,0.6974015190203039
62.47357310003796,6.187443499999999,0.6974015642476054
62.47357310003796,6.187643500000001,0.6974015858408881
62.473573100037974,6.1878435,0.6961028926315198
62.473573100037974,6.188043499999999,0.6961028941775746
62.473573100037974,6.1882435,0.696102892149159
62.47357310003796,6.1884435,0.6961028877411823
62.47357310003796,6.1886435,0.6974015827182166
62.47357310003796,6.1888435,0.697401574609947
62.47357310003796,6.189043499999999,0.6987003413507794
62.47357310003796,6.1892435,0.7012978309264157
62.47357310003796,6.189443499999999,0.7025966170413742
62.47357310003796,6.189643499999997,0.7025966992366541
62.47357310003796,6.1898434999999985,0.7038954795619565
62.47357310003796,6.190043499999999,0.7025968534865888
62.47357310003796,6.190243499999999,0.7051943267914234
62.47357310003796,6.190443499999999,0.7038956905112423
62.473573100037974,6.190643499999999,0.7038956715603458
62.473573100037974,6.190843499999998,0.703895625228018
62.473573100037974,6.191043499999998,0.7025968725953593
62.47357310003796,6.191243499999999,0.7025968209155935
62.47357310003796,6.191443499999999,0.7038954705286924
62.47357310003796,6.191643499999999,0.7051941201389765
62.47357310003796,6.191843499999999,0.706492769747689
62.47357310003796,6.1920435,0.7077914193554349
62.47357310003796,6.1922435,0.7090900689625438
62.47357310003796,6.192443500000001,0.7077913136233533
62.47357310003796,6.1926435,0.706492552299609
62.47357310003796,6.1928435,0.703895084062668
62.47357310003796,6.193043499999999,0.7025963120938912
62.47357310003796,6.1932434999999995,0.7038949483584636
62.47357310003796,6.193443499999999,0.7038949062113325
62.473573100037974,6.1936435,0.7025961573814385
62.473573100037974,6.193843500000001,0.7012974032761916
62.47357310003796,6.194043499999999,0.6986999464137813
62.47367310003796,6.1866435,0.6922064916225431
62.47367310003796,6.186843499999998,0.6935052855407762
62.47367310003796,6.187043499999999,0.6935053734834452
62.47367310003796,6.187243499999999,0.694804149952968
62.47367310003796,6.187443499999999,0.6948041954936153
62.47367310003796,6.187643500000001,0.6948042119043405
62.47367310003796,6.1878435,0.6948042158522579
62.47367310003796,6.188043499999999,0.6948042149827391
62.47367310003796,6.1882435,0.6948042116466147
62.47367310003796,6.1884435,0.6948042066161042
62.47367310003796,6.1886435,0.6935054988275362
62.47367310003796,6.1888435,0.6935054908783677
62.47367310003796,6.189043499999999,0.6961029536002787
62.47367310003796,6.189243499999998,0.697401742782916
62.47367310003796,6.1894434999999985,0.6987005298179563
62.47367310003796,6.189643499999999,0.6987006128832294
62.47367310003796,6.1898434999999985,0.6974019912911498
62.47367310003796,6.190043499999999,0.6974020666568588
62.47367310003796,6.190243499999999,0.6987008370435822
62.47367310003796,6.190443499999999,0.6987008898391956
62.47367310003796,6.190643499999999,0.6987008819191592
62.47367310003796,6.1908435,0.6987008405862135
62.47367310003796,6.191043500000001,0.69610338819116
62.47367310003796,6.191243499999999,0.69740203856342
62.47367310003796,6.191443499999999,0.6987006886199942
62.47367310003796,6.191643499999999,0.6999993385220604
62.47367310003796,6.1918435,0.7012979883372036
62.47367310003796,6.1920435000000005,0.7025966380986548
62.47367310003796,6.192243500000001,0.7025965865259354
62.47367310003796,6.1924434999999995,0.7012978310288303
62.47367310003796,6.192643499999999,0.7012977704453227
62.47367310003796,6.1928435,0.6999990026441437
62.47367310003796,6.193043499999999,0.6987002296110775
62.47367310003796,6.1932434999999995,0.6999988682847422
62.47367310003796,6.193443499999999,0.701297527918654
62.47367310003796,6.193643499999999,0.6999987792661782
62.47367310003796,6.193843499999998,0.699998726399673
62.47367310003796,6.194043499999999,0.6974012695646005
62.473773100037974,6.1866435,0.687011701824773
62.473773100037974,6.186843499999998,0.6883104986668135
62.473773100037974,6.1870435,0.6896092930049671
62.473773100037974,6.187243499999999,0.6909080779248141
62.473773100037974,6.1874435,0.6922068249228114
62.473773100037974,6.187643500000001,0.6922068338638451
62.473773100037974,6.1878435,0.692206833758699
62.473773100037974,6.188043500000001,0.6922068309754099
62.473773100037974,6.1882435,0.6922068267756272
62.473773100037974,6.1884435,0.6909081201685605
62.473773100037974,6.1886435,0.6909081137772446
62.473773100037974,6.188843499999999,0.6909081062001051
62.473773100037974,6.189043499999999,0.6922068621814004
62.473773100037974,6.189243499999998,0.6922069507216161
62.473773100037974,6.1894434999999985,0.6935057383460501
62.473773100037974,6.189643499999999,0.6922071205116304
62.473773100037974,6.1898434999999985,0.6909084988633336
62.473773100037974,6.1900435,0.6896098717867707
62.473773100037974,6.190243499999999,0.6909086381879954
62.473773100037974,6.1904435,0.6909086818580414
62.473773100037974,6.190643499999999,0.6909086810057954
62.473773100037974,6.190843499999998,0.6909086473886943
62.473773100037974,6.191043499999999,0.6909086009069503
62.473773100037974,6.191243499999999,0.6896098504409971
62.473773100037974,6.191443499999999,0.6909085015676798
62.473773100037974,6.191643499999999,0.6935058534839214
62.473773100037974,6.191843499999999,0.6948045038098474
62.473773100037974,6.192043499999998,0.6961031539537507
62.473773100037974,6.1922435,0.6948044013792052
62.473773100037974,6.1924434999999995,0.6935056458291606
62.473773100037974,6.1926435,0.693505584720042
62.473773100037974,6.1928435,0.6935055173429535
62.473773100037974,6.193043499999999,0.6935054445149046
62.473773100037974,6.1932434999999995,0.6961027872380741
62.473773100037974,6.193443499999999,0.6974014474669739
62.473773100037974,6.193643499999999,0.697401400361134
62.473773100037974,6.1938435,0.6974013474815529
62.473773100037974,6.194043499999999,0.6961025920141211
62.47387310003796,6.186643500000001,0.6818169082312525
62.47387310003796,6.1868435,0.6844144083068286
62.47387310003796,6.1870435,0.6857132064243332
62.47387310003796,6.1872435,0.6883107028312403
62.47387310003796,6.1874435,0.6883107483858875
62.47387310003796,6.1876435,0.6883107484058395
62.47387310003796,6.1878435,0.6883107455255709
62.47387310003796,6.188043500000001,0.6883107417644866
62.47387310003796,6.1882435,0.6883107373155727
62.47387310003796,6.188443499999999,0.6883107321491018
62.47387310003796,6.1886435,0.6870120248598142
62.47387310003796,6.188843500000002,0.687012017884391
62.47387310003796,6.189043499999999,0.6870120670793226
62.47387310003796,6.189243499999998,0.6883108573400276
62.47387310003796,6.1894434999999985,0.6883109439589146
62.47387310003796,6.1896435,0.6857136248338702
62.47387310003796,6.1898434999999985,0.6844150025949651
62.47387310003796,6.1900435,0.6831163736887678
62.47387310003796,6.190243499999999,0.6831164346254422
62.47387310003796,6.190443499999999,0.6831164732196855
62.47387310003796,6.190643499999999,0.6844151778017012
62.47387310003796,6.190843499999998,0.6844151510794425
62.47387310003796,6.191043499999999,0.6844151086974997
62.47387310003796,6.191243499999999,0.6831163606906678
62.47387310003796,6.1914435,0.6831163120976821
62.47387310003796,6.191643499999999,0.6857136650994393
62.47387310003796,6.1918435,0.6883110175115563
62.47387310003796,6.1920435,0.6883109669523523
62.47387310003796,6.1922435,0.6870122148432392
62.47387310003796,6.1924434999999995,0.6857134593308088
62.47387310003796,6.1926435,0.6857133977078897
62.47387310003796,6.192843499999999,0.6870120307220983
62.47387310003796,6.1930435,0.6883106580538307
62.47387310003796,6.1932434999999995,0.6909080039127125
62.47387310003796,6.193443499999999,0.6935053661563481
62.47387310003796,6.193643499999999,0.6948040206701999
62.47387310003796,6.193843500000001,0.6948039678237822
62.47387310003796,6.194043499999999,0.6948039137650767
62.47397310003795,6.1866435,0.6779208118927741
62.47397310003795,6.1868435,0.6805183125535582
62.47397310003795,6.1870435,0.6831158129366055
62.47397310003795,6.1872435,0.6844146111551631
62.47397310003795,6.1874435,0.6857133581790626
62.47397310003795,6.1876435,0.6870120574264812
62.47397310003795,6.1878435000000005,0.6870120544517478
62.47397310003795,6.188043499999999,0.6870120509884898
62.47397310003795,6.188243500000001,0.6870120470178162
62.47397310003795,6.1884435,0.6857133411588462
62.47397310003795,6.1886435,0.6844146345908232
62.47397310003795,6.1888435,0.6831159271544048
62.47397310003795,6.189043499999999,0.6818172695955618
62.47397310003795,6.189243499999998,0.6818173587678746
62.47397310003795,6.1894434999999985,0.6818174454320707
62.47397310003795,6.1896435,0.6805188273269759
62.47397310003795,6.189843499999998,0.6779215028994332
62.47397310003795,6.190043499999999,0.6766228720289525
62.47397310003795,6.1902435,0.6779216309101219
62.47397310003795,6.190443499999999,0.6779216668464164
62.47397310003795,6.190643499999999,0.6792203743244299
62.47397310003795,6.190843500000001,0.679220353079968
62.47397310003795,6.191043499999999,0.6792203148280196
62.47397310003795,6.191243499999999,0.6792202709455994
62.47397310003795,6.1914435,0.6792202242910986
62.47397310003795,6.191643499999999,0.6831162799734656
62.47397310003795,6.191843499999999,0.6844149321113882
62.47397310003795,6.1920435,0.68441488233788
62.47397310003795,6.192243499999998,0.683116130848548
62.47397310003795,6.1924434999999995,0.6818173754440151
62.47397310003795,6.1926435,0.6818173132911669
62.47397310003795,6.1928435,0.6831159453388324
62.47397310003795,6.1930435,0.6831158701695869
62.47397310003795,6.1932434999999995,0.6870119208990747
62.47397310003795,6.193443499999999,0.689609283989972
62.47397310003795,6.1936435,0.690907938900858
62.47397310003795,6.193843499999998,0.6896091848341231
62.47397310003795,6.194043499999999,0.689609130925714
62.47407310003797,6.1866435,0.6740247114603461
62.47407310003797,6.1868435,0.6766222112883229
62.47407310003797,6.1870435000000015,0.6792197094859989
62.47407310003797,6.187243499999999,0.6818172005089724
62.47407310003797,6.187443499999999,0.6831159485667571
62.47407310003797,6.187643500000001,0.6857133578913462
62.47407310003797,6.1878435000000005,0.6870120591127623
62.47407310003797,6.188043499999999,0.6857133559842413
62.47407310003797,6.1882435,0.6844146519362158
62.47407310003797,6.1884435,0.6831159471505523
62.47407310003797,6.188643499999999,0.6805185403229813
62.47407310003797,6.1888435,0.6779211326557986
62.47407310003797,6.189043499999999,0.6766224697471033
62.47407310003797,6.189243499999998,0.6766225589455055
62.47407310003797,6.1894434999999985,0.6766226454606201
62.47407310003797,6.1896435,0.675324026895644
62.47407310003797,6.1898435,0.6727267014859679
62.47407310003797,6.190043499999999,0.6714280688742895
62.47407310003797,6.190243499999999,0.6727268254210279
62.47407310003797,6.1904435,0.6740255614786568
62.47407310003797,6.190643499999999,0.6740255700316822
62.47407310003797,6.1908435,0.6740255531052995
62.47407310003797,6.191043499999999,0.6740255186369294
62.47407310003797,6.191243499999999,0.6753241789756024
62.47407310003797,6.191443499999999,0.6766228357694515
62.47407310003797,6.191643499999999,0.6792201917501615
62.47407310003797,6.1918435,0.6818175464017077
62.47407310003797,6.1920435,0.6818174975758564
62.47407310003797,6.1922435,0.6818174481415367
62.47407310003797,6.192443500000001,0.679219991589816
62.47407310003797,6.1926435,0.6792199288547693
62.47407310003797,6.192843499999999,0.6792198585460467
62.47407310003797,6.193043499999999,0.679219782091426
62.47407310003797,6.1932434999999995,0.6831158368902244
62.47407310003797,6.193443499999999,0.6857132009724135
62.47407310003797,6.193643499999999,0.685713155061491
62.47407310003797,6.193843499999998,0.6844144011169915
62.47407310003797,6.194043499999999,0.6844143473980526
62.47417310003798,6.1866435,0.6688299057938712
62.47417310003798,6.186843499999998,0.6727261049358904
62.47417310003798,6.1870435,0.6766223003271732
62.47417310003798,6.1872435,0.6792197826950452
62.47417310003798,6.187443499999999,0.6805185315025225
62.47417310003798,6.187643500000001,0.6831159500549648
62.474173100037966,6.187843499999998,0.6857133573071708
62.474173100037966,6.188043499999999,0.6844146568887087
62.474173100037966,6.1882435,0.6818172534176974
62.47417310003798,6.1884435,0.680518550131546
62.47417310003798,6.1886435,0.6766224433380595
62.47417310003798,6.1888435,0.6740250369510121
62.47417310003798,6.189043499999999,0.6714276675612048
62.47417310003798,6.1892435,0.6714277566290903
62.47417310003798,6.1894434999999985,0.6714278428510434
62.47417310003798,6.189643499999999,0.6688305224364286
62.47417310003798,6.1898434999999985,0.6675318973999547
62.47417310003798,6.1900435,0.6662332634453557
62.47417310003798,6.190243499999999,0.6688307199036609
62.47417310003798,6.1904435,0.6688307544871184
62.474173100037966,6.190643499999999,0.6688307652354737
62.474173100037966,6.1908435,0.6688307518123193
62.474173100037966,6.191043500000001,0.6701294219580065
62.47417310003798,6.191243499999998,0.6714280851373948
62.47417310003798,6.191443499999999,0.6727267441666992
62.47417310003798,6.191643499999999,0.6766228031801207
62.47417310003798,6.191843499999999,0.6779214578898847
62.47417310003798,6.1920435,0.6792201114416329
62.47417310003798,6.1922435,0.6792200628800366
62.47417310003798,6.192443499999999,0.6766226064893057
62.47417310003798,6.1926435,0.6753238417748545
62.47417310003798,6.1928435,0.6753237702793718
62.47417310003798,6.193043499999999,0.6753236924361856
62.47417310003798,6.1932434999999995,0.6792197518748327
62.47417310003798,6.1934435,0.6818171171089397
62.474173100037966,6.193643499999999,0.6818170717599606
62.474173100037966,6.193843500000001,0.6792196166811602
62.47417310003798,6.194043499999999,0.6779208618908056
62.474273100037955,6.186643500000001,0.6636350965146114
62.474273100037955,6.1868435,0.6662325916634889
62.474273100037955,6.1870435000000015,0.6714274837739019
62.474273100037955,6.1872435,0.6753236612658166
62.474273100037955,6.187443499999999,0.6766224106066736
62.474273100037955,6.187643500000001,0.6792198360297859
62.47427310003797,6.1878435,0.6818172484630953
62.47427310003797,6.188043499999999,0.6805185514016334
62.47427310003797,6.1882435,0.6792198515958332
62.474273100037955,6.1884435,0.6766224488603845
62.474273100037955,6.1886435,0.6740250449490883
62.474273100037955,6.1888435,0.6714276400253251
62.474273100037955,6.189043499999999,0.6701289669677333
62.474273100037955,6.189243499999998,0.6701290557731787
62.474273100037955,6.1894434999999985,0.6688304403003293
62.474273100037955,6.189643499999999,0.6675318206074473
62.474273100037955,6.189843499999998,0.6662331947884232
62.474273100037955,6.1900435,0.6649345599419494
62.474273100037955,6.1902435,0.6649346132288985
62.474273100037955,6.190443499999999,0.6649346483971035
62.47427310003797,6.190643499999999,0.6649346613672391
62.47427310003797,6.190843500000001,0.6662333522148843
62.47427310003797,6.191043499999998,0.6662333239118755
62.474273100037955,6.191243499999999,0.6675319897517482
62.474273100037955,6.191443499999999,0.6701293523071349
62.474273100037955,6.191643499999999,0.672726711824817
62.474273100037955,6.1918435,0.6740253679874253
62.474273100037955,6.1920435,0.6740253214196332
62.474273100037955,6.1922435,0.6740252738260644
62.474273100037955,6.1924434999999995,0.6727265188607436
62.474273100037955,6.1926435,0.6714277533079771
62.474273100037955,6.1928435,0.671427680453017
62.474273100037955,6.193043499999999,0.6714276010998957
62.474273100037955,6.1932434999999995,0.6740249645371571
62.474273100037955,6.1934435,0.6766223311058502
62.47427310003797,6.193643499999999,0.6779209877099545
62.47427310003797,6.1938435,0.6753235328357527
62.474273100037955,6.194043499999999,0.6753234796076077
62.47437310003796,6.1866435,0.6571415827344643
62.47437310003796,6.1868435,0.6597390748978025
62.47437310003796,6.1870435,0.6662326640532789
62.47437310003796,6.187243499999999,0.6727262398860276
62.47437310003796,6.187443499999999,0.6714275870489912
62.47437310003796,6.187643500000001,0.6753237187062716
62.47437310003797,6.1878435000000005,0.677921135974384
62.47437310003797,6.188043500000001,0.6766224425052951
62.47437310003797,6.1882435,0.6753237453663055
62.47437310003796,6.188443500000001,0.672726344733372
62.47437310003796,6.188643499999999,0.6701289426002626
62.47437310003796,6.1888435,0.6701289418827315
62.47437310003796,6.189043499999999,0.6688302641076683
62.47437310003796,6.189243499999998,0.6688303525382304
62.47437310003796,6.1894434999999985,0.6675317365949577
62.47437310003796,6.1896435,0.6662331163364243
62.47437310003796,6.1898435,0.6649344899104082
62.47437310003796,6.190043499999999,0.6636358546042074
62.47437310003796,6.1902435,0.6623372067014487
62.47437310003796,6.190443499999999,0.6623372430954209
62.47437310003797,6.190643499999999,0.6623372584701539
62.47437310003797,6.1908435,0.6636359519824453
62.47437310003797,6.191043499999999,0.6636359261146897
62.47437310003796,6.191243499999999,0.6649345943919419
62.47437310003796,6.191443499999999,0.6662332578046243
62.47437310003796,6.191643499999999,0.6688306191396212
62.47437310003796,6.1918435,0.6701292768100839
62.47437310003796,6.1920435,0.6701292314923397
62.47437310003796,6.192243499999998,0.6688304836421856
62.47437310003796,6.1924434999999995,0.6675317287120577
62.47437310003796,6.1926435,0.6675316633860955
62.47437310003796,6.1928435,0.6662328876522576
62.47437310003796,6.193043499999999,0.6662328066553973
62.47437310003796,6.1932434999999995,0.6688301761493676
62.47437310003796,6.1934435,0.6714275442651573
62.47437310003797,6.193643499999999,0.6740249029256191
62.47437310003797,6.1938435,0.6727261495927168
62.47437310003796,6.1940434999999985,0.6727260966625053
62.47447310003797,6.1866435,0.6519467674771504
62.47447310003797,6.1868435,0.6545442566576778
62.47447310003797,6.1870435,0.6610378421465123
62.47447310003797,6.187243499999999,0.667531414977212
62.47447310003797,6.187443499999999,0.6662327624857077
62.47447310003797,6.187643500000001,0.6701288977603859
62.47447310003797,6.1878435,0.6727263192395112
62.47447310003797,6.188043499999999,0.6727263306026747
62.47447310003797,6.1882435,0.6727263375535371
62.47447310003797,6.1884435,0.6701289391749776
62.47447310003797,6.1886435,0.6675315389523855
62.47447310003797,6.188843499999999,0.6675315399462473
62.47447310003797,6.189043499999999,0.667531559019103
62.47447310003797,6.189243499999998,0.6662329456767776
62.47447310003797,6.1894434999999985,0.6662330305026446
62.47447310003797,6.189643499999999,0.6649344097012543
62.47447310003797,6.189843499999998,0.6636357828345762
62.47447310003797,6.1900435,0.6610384461410199
62.47447310003797,6.190243499999999,0.6597397989112812
62.47447310003797,6.190443499999999,0.6597398371152188
62.47447310003797,6.190643499999998,0.6597398552273629
62.47447310003797,6.1908435,0.6610385512899807
62.47447310003797,6.191043499999999,0.6610385275047704
62.47447310003797,6.191243499999999,0.6623371979872206
62.47447310003797,6.191443499999999,0.6636358634462811
62.47447310003797,6.191643499999999,0.6649345252733858
62.47447310003797,6.191843499999999,0.6662331844724054
62.47447310003797,6.192043499999998,0.6649344391504046
62.47447310003797,6.192243499999998,0.6636356923934686
62.47447310003797,6.1924434999999995,0.663635638629745
62.47447310003797,6.1926435,0.6636355719001034
62.47447310003797,6.1928435,0.6623367943170675
62.47447310003797,6.193043499999999,0.6623367115421506
62.47447310003797,6.1932434999999995,0.6636353866698701
62.47447310003797,6.193443499999999,0.6662327565863041
62.47447310003797,6.193643499999999,0.6688301161239694
62.47447310003797,6.193843500000001,0.6701287656666841
62.47447310003797,6.194043499999999,0.6688300117681598
62.47457310003797,6.1866435,0.6493493524349729
62.47457310003797,6.186843499999998,0.6532455400987882
62.47457310003797,6.1870435,0.6571417199161503
62.47457310003797,6.1872435,0.6610378879579775
62.47457310003797,6.187443499999999,0.6623366383518586
62.47457310003797,6.187643500000001,0.664934075056679
62.47457310003797,6.1878435,0.6675315001007325
62.47457310003797,6.188043499999999,0.6688302160676418
62.47457310003797,6.188243500000001,0.668830225794989
62.47457310003797,6.1884435,0.6675315310281595
62.47457310003797,6.1886435,0.6662328340846743
62.47457310003797,6.188843500000002,0.6662328368474528
62.47457310003797,6.189043499999999,0.6649341504411259
62.47457310003797,6.1892435,0.6649342378307334
62.47457310003797,6.1894434999999985,0.6649343220706194
62.47457310003797,6.189643499999999,0.6636357007388979
62.47457310003797,6.189843499999998,0.6610383722586496
62.47457310003797,6.190043499999999,0.6597397370561855
62.47457310003797,6.1902435,0.658441090942876
62.47457310003797,6.190443499999999,0.6571424302074912
62.47457310003797,6.190643499999999,0.6571424515573709
62.47457310003797,6.1908435,0.6584411502552332
62.47457310003797,6.191043499999999,0.6584411282587812
62.47457310003797,6.191243499999999,0.6597398007234543
62.47457310003797,6.191443499999999,0.6597397668008224
62.47457310003797,6.191643499999999,0.661038430363678
62.47457310003797,6.1918435,0.661038389785908
62.47457310003797,6.192043499999998,0.6597396457798679
62.47457310003797,6.1922435,0.6584409001465541
62.47457310003797,6.1924434999999995,0.6584408459698554
62.47457310003797,6.1926435,0.6584407773782723
62.47457310003797,6.1928435,0.6584406989365144
62.47457310003797,6.193043499999999,0.6584406172390159
62.47457310003797,6.1932434999999995,0.6597392973322758
62.47457310003797,6.193443499999998,0.6610379680613606
62.47457310003797,6.193643499999999,0.6636353286207873
62.47457310003797,6.1938435,0.663635277176121
62.47457310003797,6.1940434999999985,0.6636352249370326
62.474673100037975,6.186643499999999,0.6467519353487527
62.474673100037975,6.1868435,0.6506481204360782
62.474673100037975,6.1870435,0.6532455963922464
62.474673100037975,6.1872435,0.6532456588805058
62.474673100037975,6.187443499999999,0.6571418121095871
62.474673100037975,6.187643500000001,0.6597392509265815
62.474673100037975,6.1878435,0.6610379776596415
62.474673100037975,6.188043499999999,0.6636353979237168
62.474673100037975,6.1882435,0.6662328129130495
62.474673100037975,6.188443499999999,0.6649341204399752
62.474673100037975,6.1886435,0.663635425489099
62.474673100037975,6.1888435,0.6636354300342187
62.474673100037975,6.189043499999999,0.66363544100828
62.474673100037975,6.189243499999998,0.6636355277396114
62.474673100037975,6.189443499999999,0.663635611329602
62.474673100037975,6.1896435,0.6610382881545493
62.474673100037975,6.1898434999999985,0.6597396607206751
62.474673100037975,6.190043499999999,0.6584410258772282
62.474673100037975,6.190243499999999,0.6571423811808912
62.474673100037975,6.1904435,0.6558437232996649
62.474673100037975,6.190643499999999,0.6558437485834259
62.474673100037975,6.1908435,0.6558437489592841
62.474673100037975,6.191043499999998,0.6558437285090724
62.474673100037975,6.191243499999999,0.6571424027507975
62.474673100037975,6.191443499999999,0.6571423706086565
62.474673100037975,6.191643499999999,0.6571423345350526
62.474673100037975,6.191843499999999,0.6558435941530705
62.474673100037975,6.1920435,0.6545448514654871
62.474673100037975,6.1922435,0.6532461069666464
62.474673100037975,6.1924434999999995,0.6532460519175283
62.474673100037975,6.192643499999999,0.654544682146821
62.474673100037975,6.1928435,0.6545446012293319
62.474673100037975,6.1930435,0.6545445235877831
62.474673100037975,6.1932434999999995,0.6558432067362208
62.474673100037975,6.193443499999999,0.6571418799677479
62.474673100037975,6.193643499999999,0.6584405404342997
62.474673100037975,6.193843500000001,0.6584404893314855
62.474673100037975,6.194043499999999,0.6584404374812638
62.47477310003797,6.186643500000001,0.642855815198133
62.47477310003797,6.1868435,0.6480506992626781
62.47477310003797,6.1870435,0.6506481730719612
62.47477310003797,6.187243499999999,0.6506482342630455
62.47477310003797,6.1874435,0.6545443876832262
62.47477310003797,6.187643500000001,0.6558431268689728
62.474773100037986,6.1878435000000005,0.6584405573991233
62.474773100037986,6.188043499999999,0.66103798033274
62.474773100037986,6.1882435,0.6623366965152186
62.47477310003797,6.1884435,0.6623367075551025
62.47477310003797,6.1886435,0.6623367158578373
62.47477310003797,6.1888435,0.6610380208592408
62.47477310003797,6.189043499999999,0.6610380281601264
62.47477310003797,6.189243499999998,0.6597394128397867
62.47477310003797,6.1894434999999985,0.6597394957013006
62.47477310003797,6.189643499999999,0.6584408732283474
62.47477310003797,6.1898434999999985,0.657142245526535
62.47477310003797,6.190043499999999,0.6558436110725813
62.47477310003797,6.190243499999999,0.6558436692059313
62.47477310003797,6.1904435,0.6545450145396082
62.474773100037986,6.190643499999999,0.654545044656546
62.474773100037986,6.1908435,0.6532463474586471
62.474773100037986,6.191043499999998,0.6532463283556724
62.47477310003797,6.191243499999998,0.6545450041901264
62.47477310003797,6.1914435,0.654544973692841
62.47477310003797,6.191643499999999,0.6532462378986011
62.47477310003797,6.191843499999999,0.651947498968672
62.47477310003797,6.1920435000000005,0.65064875758679
62.47477310003797,6.192243499999998,0.649350014212486
62.47477310003797,6.1924434999999995,0.6493499575274393
62.47477310003797,6.192643499999999,0.6506485844888047
62.47477310003797,6.1928435,0.651947202132986
62.47477310003797,6.1930435,0.6519471294034233
62.47477310003797,6.1932434999999995,0.6532458160214768
62.47477310003797,6.193443499999999,0.6545444922599426
62.474773100037986,6.193643499999999,0.655843154181043
62.474773100037986,6.193843500000001,0.6558431034480559
62.47477310003797,6.1940434999999985,0.6545443507138465
62.474873100037975,6.1866435,0.6389596935053796
62.474873100037975,6.1868435,0.6467519780883688
62.474873100037975,6.1870435,0.6506481513786594
62.474873100037975,6.1872435,0.651946912819368
62.474873100037975,6.187443499999999,0.6545443650869656
62.474873100037975,6.1876435,0.6558431056067935
62.474873100037975,6.1878435000000005,0.6571418369284698
62.474873100037975,6.188043499999999,0.6584405609112682
62.474873100037975,6.1882435,0.6597392793795713
62.474873100037975,6.1884435,0.6597392925108913
62.474873100037975,6.188643499999999,0.6584406013913867
62.474873100037975,6.1888435,0.6571419080846164
62.474873100037975,6.189043499999999,0.6571419144170998
62.474873100037975,6.189243499999998,0.6571419970595157
62.474873100037975,6.1894434999999985,0.6558433777968726
62.474873100037975,6.189643499999999,0.6545447546328401
62.474873100037975,6.1898434999999985,0.6545448278615875
62.474873100037975,6.1900435,0.6545448949749406
62.474873100037975,6.190243499999999,0.6532462532117868
62.474873100037975,6.1904435,0.6532463031227438
62.474873100037975,6.190643499999998,0.6532463390558437
62.474873100037975,6.1908435,0.651947647090092
62.474873100037975,6.191043499999999,0.6519476291736872
62.474873100037975,6.191243499999999,0.6519476051387791
62.474873100037975,6.191443499999999,0.651947576156358
62.474873100037975,6.191643499999999,0.6506488418510468
62.474873100037975,6.1918435,0.6493501043205139
62.474873100037975,6.1920435,0.6480513642197803
62.474873100037975,6.1922435,0.646752621932249
62.474873100037975,6.1924434999999995,0.6467525622880793
62.474873100037975,6.192643499999999,0.6480511850775165
62.474873100037975,6.1928435,0.6493497999088642
62.474873100037975,6.1930435,0.6506484344097117
62.474873100037975,6.1932434999999995,0.6519471249388155
62.474873100037975,6.193443499999999,0.653245804846825
62.474873100037975,6.1936435,0.6545444685820802
62.474873100037975,6.193843500000001,0.6545444182444763
62.474873100037975,6.194043499999999,0.6545443672472033
62.474973100037964,6.1866435,0.6363622717466904
62.474973100037964,6.1868435,0.6441545544683451
62.474973100037964,6.1870435,0.650648128796473
62.474973100037964,6.1872435,0.6532455906601544
62.474973100037964,6.187443499999999,0.6545443417310907
62.474973100037964,6.187643500000001,0.6558430833259388
62.474973100037964,6.1878435,0.6571418163973715
62.474973100037964,6.188043499999998,0.6571418411286112
62.474973100037964,6.1882435,0.65714186036375
62.474973100037964,6.1884435,0.6558431741361308
62.474973100037964,6.188643499999999,0.6545444847831909
62.474973100037964,6.188843499999999,0.6532457930752351
62.474973100037964,6.1890434999999995,0.6532458008693178
62.474973100037964,6.189243499999998,0.65324587783519
62.474973100037964,6.1894434999999985,0.6519472576314694
62.474973100037964,6.1896435,0.6519473349393482
62.474973100037964,6.1898434999999985,0.6519474076185722
62.474973100037964,6.1900435,0.6519474747275293
62.474973100037964,6.1902435,0.6519475352496434
62.474973100037964,6.1904435,0.651947587967686
62.474973100037964,6.190643499999999,0.6519476302340037
62.474973100037964,6.190843500000001,0.6506489465713006
62.474973100037964,6.191043499999999,0.6506489297234386
62.474973100037964,6.191243499999999,0.6506489069740624
62.474973100037964,6.191443499999999,0.6493501780860119
62.474973100037964,6.191643499999999,0.6493501464782339
62.474973100037964,6.191843499999999,0.6467527089893412
62.474973100037964,6.1920435,0.6454539701364284
62.474973100037964,6.1922435,0.6441552288401589
62.474973100037964,6.1924434999999995,0.6441551638213079
62.474973100037964,6.1926435,0.6454537817392437
62.474973100037964,6.1928435,0.6467523940663489
62.474973100037964,6.1930435,0.6480510363810488
62.474973100037964,6.1932434999999995,0.6506484317982051
62.474973100037964,6.193443499999998,0.651947116247539
62.474973100037964,6.193643499999999,0.6532457823587211
62.474973100037964,6.1938435,0.6532457324400042
62.474973100037964,6.1940434999999985,0.6532456819021528
62.475073100037974,6.186643499999999,0.6337648487638692
62.475073100037974,6.1868435,0.6415571298132487
62.475073100037974,6.1870435000000015,0.6480507027835507
62.475073100037974,6.187243499999999,0.650648163893574
62.475073100037974,6.187443499999999,0.651946915023037
62.475073100037974,6.187643500000001,0.6545443587837098
62.475073100037974,6.187843499999998,0.6558430933187851
62.475073100037974,6.188043499999999,0.654544418523531
62.475073100037974,6.1882435,0.6545444396019442
62.475073100037974,6.1884435,0.6532457551451154
62.475073100037974,6.1886435,0.6519470674260651
62.475073100037974,6.1888435,0.6506483772004128
62.475073100037974,6.189043499999997,0.6506483863372281
62.475073100037974,6.189243499999998,0.6493497565041794
62.475073100037974,6.189443499999999,0.6480511352280597
62.475073100037974,6.189643499999999,0.6493499128379023
62.475073100037974,6.1898434999999985,0.6493499847191501
62.475073100037974,6.190043499999999,0.6506487527192194
62.475073100037974,6.190243499999999,0.6506488135334485
62.475073100037974,6.190443499999999,0.6519475691642695
62.475073100037974,6.190643499999999,0.6519476163713498
62.475073100037974,6.190843499999998,0.6506489471041684
62.475073100037974,6.191043499999999,0.6506489313497429
62.475073100037974,6.191243499999999,0.6493502084610323
62.475073100037974,6.191443499999999,0.648051480853593
62.475073100037974,6.191643499999999,0.6480514505562706
62.475073100037974,6.1918435,0.6454540143452107
62.475073100037974,6.1920435,0.6441552767005676
62.475073100037974,6.1922435,0.6441552373606849
62.475073100037974,6.1924434999999995,0.6454538638266992
62.475073100037974,6.192643499999999,0.6454537760072752
62.475073100037974,6.1928435,0.6480510932004349
62.475073100037974,6.1930435,0.6493497415768521
62.475073100037974,6.1932434999999995,0.6506484373176344
62.475073100037974,6.193443499999999,0.6519471273819093
62.475073100037974,6.193643499999999,0.6532457968291968
62.475073100037974,6.1938435,0.6532457473517651
62.475073100037974,6.194043499999999,0.6532456972922042
62.47517310003798,6.186643499999999,0.6324661259671802
62.47517310003798,6.186843499999998,0.6389597042067329
62.47517310003798,6.1870435000000015,0.6441545746780962
62.47517310003798,6.1872435,0.6480507364191503
62.47517310003798,6.187443499999999,0.6493494875641095
62.47517310003798,6.187643500000001,0.651946932020337
62.47517310003798,6.1878435,0.6532456677760994
62.47517310003798,6.188043499999999,0.653245695803109
62.47517310003798,6.1882435,0.6519470172093601
62.47517310003798,6.1884435,0.6506483343458628
62.47517310003798,6.1886435,0.6506483494116042
62.47517310003798,6.188843500000002,0.6493496605345641
62.47517310003798,6.189043499999999,0.6480509695792247
62.47517310003798,6.1892435,0.6467523344114958
62.47517310003798,6.1894434999999985,0.6454537119214492
62.47517310003798,6.1896435,0.6467524883420086
62.47517310003798,6.1898434999999985,0.648051260432164
62.47517310003798,6.1900435,0.6493500275383814
62.47517310003798,6.190243499999999,0.6506487890623917
62.47517310003798,6.1904435,0.6506488432242021
62.47517310003798,6.190643499999999,0.6506488908672069
62.47517310003798,6.1908435,0.6506489255901455
62.47517310003798,6.191043499999999,0.6506489188823626
62.47517310003798,6.191243499999999,0.6493501954449811
62.47517310003798,6.191443499999999,0.6480514724027876
62.47517310003798,6.191643499999999,0.6467527454197783
62.47517310003798,6.191843499999999,0.645454015108998
62.47517310003798,6.192043499999998,0.6441552820164512
62.47517310003798,6.1922435,0.6441552400519055
62.47517310003798,6.1924434999999995,0.6454538536406631
62.47517310003798,6.1926435,0.6480511669155311
62.47517310003798,6.192843499999999,0.6493498049903283
62.47517310003798,6.1930435,0.650648447987934
62.47517310003798,6.1932434999999995,0.6519471425997159
62.47517310003798,6.193443499999999,0.6532458374078854
62.47517310003798,6.193643499999999,0.6545445120103639
62.47517310003798,6.1938435,0.6545444629985084
62.47517310003798,6.1940434999999985,0.6545444134338305
62.47527310003797,6.1866435,0.6311674021471554
62.47527310003797,6.1868435,0.6350635764139653
62.47527310003797,6.1870435,0.6402584458082247
62.47527310003797,6.1872435,0.6441546069416682
62.47527310003797,6.187443499999999,0.6467520593583372
62.47527310003797,6.187643500000001,0.6506482056638414
62.47527310003798,6.1878435,0.6519469424316682
62.47527310003798,6.188043499999999,0.6519469717583911
62.47527310003798,6.1882435,0.6506482945843001
62.47527310003797,6.1884435,0.6493496131346903
62.47527310003797,6.1886435,0.6480509282313998
62.47527310003797,6.1888435,0.6467522405580743
62.47527310003797,6.189043499999999,0.6454535506616623
62.47527310003797,6.1892435,0.6441549103143616
62.47527310003797,6.1894434999999985,0.6428562864657777
62.47527310003797,6.189643499999999,0.6441550614963644
62.47527310003797,6.1898435,0.6454538321911778
62.47527310003797,6.190043499999999,0.6480512991973711
62.47527310003797,6.190243499999999,0.6493500592278842
62.47527310003797,6.1904435,0.6506488126888812
62.47527310003798,6.190643499999999,0.6506488559981768
62.47527310003798,6.1908435,0.6506488774390108
62.47527310003798,6.191043499999998,0.6493501790935378
62.47527310003797,6.1912435,0.6493501770429214
62.47527310003797,6.191443499999999,0.6480514443555639
62.47527310003797,6.191643499999999,0.6454539986146022
62.47527310003797,6.191843499999999,0.6441552694544544
62.47527310003797,6.1920435,0.6441552553652002
62.47527310003797,6.192243499999998,0.6441552067671173
62.47527310003797,6.192443499999999,0.6467525337060487
62.47527310003797,6.192643500000001,0.6493498663202806
62.47527310003797,6.1928435,0.6506485161076804
62.47527310003797,6.1930435,0.65324586155233
62.47527310003797,6.1932434999999995,0.6532458472994084
62.47527310003797,6.193443499999999,0.6532458423067231
62.47527310003798,6.1936434999999985,0.6545445253069534
62.47527310003798,6.193843499999998,0.654544476801775
62.47527310003797,6.194043500000001,0.6545444277463588
62.47537310003797,6.1866435,0.6259725734798165
62.47537310003797,6.1868435,0.631167447783587
62.47537310003797,6.1870435000000015,0.6350636148982522
62.47537310003797,6.187243499999999,0.6402584767639087
62.47537310003797,6.187443499999999,0.6428559291117825
62.47537310003797,6.187643500000001,0.6454533745442388
62.47537310003797,6.1878435,0.6467521121430819
62.47537310003797,6.188043500000001,0.6467521425682534
62.47537310003797,6.188243500000001,0.6454534666191036
62.47537310003797,6.1884435,0.6454534877053434
62.47537310003797,6.1886435,0.6454535052707455
62.47537310003797,6.188843499999999,0.6441548186504524
62.47537310003797,6.189043499999999,0.6428561296596097
62.47537310003797,6.1892435,0.6415574842792874
62.47537310003797,6.1894434999999985,0.6402588589321558
62.47537310003797,6.189643499999999,0.641557632378918
62.47537310003797,6.1898434999999985,0.6428564013891166
62.47537310003797,6.1900435,0.6454538665381531
62.47537310003797,6.1902435,0.6467526243139617
62.47537310003797,6.190443499999999,0.6480513744789108
62.47537310003797,6.1906435,0.6493501130262053
62.47537310003797,6.1908435,0.64935012792929
62.47537310003797,6.191043499999999,0.6493501315472145
62.47537310003797,6.191243499999999,0.64935013036302
62.47537310003797,6.191443499999999,0.6480514235558007
62.47537310003797,6.191643499999999,0.6467526923237974
62.47537310003797,6.1918435,0.6467526568560937
62.47537310003797,6.192043499999998,0.646752639027611
62.47537310003797,6.1922435,0.6467525727046232
62.47537310003797,6.1924434999999995,0.6480512164532266
62.47537310003797,6.1926435,0.6493498748091063
62.47537310003797,6.1928435,0.6506485249240623
62.47537310003797,6.193043499999999,0.6532458719593387
62.47537310003797,6.1932434999999995,0.6532458501453532
62.47537310003797,6.1934435,0.6545445471167752
62.47537310003797,6.193643499999999,0.6558432393184515
62.47537310003797,6.193843500000001,0.6558431913779836
62.47537310003797,6.194043499999999,0.6545444415453725
62.47547310003798,6.1866435,0.6220764452190257
62.47547310003798,6.186843499999998,0.6259726170569667
62.47547310003798,6.187043499999999,0.6311674845645532
62.47547310003798,6.1872435,0.636362345890851
62.47547310003798,6.187443499999999,0.6389597981289941
62.47547310003798,6.187643500000001,0.6402585425790752
62.47547310003798,6.187843499999998,0.6415572808503418
62.47547310003798,6.188043499999999,0.6415573121929693
62.47547310003798,6.188243499999999,0.6415573385859898
62.47547310003798,6.1884435,0.6415573607386549
62.47547310003798,6.188643499999999,0.641557379315434
62.47547310003798,6.1888435,0.6415573948951436
62.47547310003798,6.189043499999999,0.6402587066559863
62.47547310003798,6.1892435,0.6389600563833013
62.47547310003798,6.1894434999999985,0.6376614294094068
62.47547310003798,6.189643499999999,0.6389602010985901
62.47547310003798,6.1898434999999985,0.6402589681759608
62.47547310003798,6.190043499999999,0.6428564311041929
62.47547310003798,6.190243499999999,0.6441551861073855
62.47547310003798,6.1904435,0.6454539323924651
62.47547310003798,6.190643499999999,0.6480513665814507
62.47547310003798,6.1908435,0.6493500796674208
62.47547310003798,6.191043499999999,0.649350083886805
62.47547310003798,6.191243499999999,0.649350083493871
62.47547310003798,6.1914435,0.6493500789080665
62.47547310003798,6.191643499999999,0.6480513825447106
62.47547310003798,6.191843499999999,0.6480513568969746
62.47547310003798,6.1920435,0.6493500111010302
62.47547310003798,6.1922435,0.6493499663715774
62.47547310003798,6.1924434999999995,0.6493499246350234
62.47547310003798,6.1926435,0.6506485840772999
62.47547310003798,6.192843500000001,0.6506485322063331
62.47547310003798,6.1930435,0.6519471805375109
62.47547310003798,6.1932434999999995,0.6532458524629765
62.47547310003798,6.193443499999999,0.6545445501048605
62.47547310003798,6.193643499999999,0.6558432178324952
62.47547310003798,6.193843500000001,0.6558431743893498
62.47547310003798,6.1940434999999985,0.6558431349181595
62.47557310003797,6.1866435,0.6181803161151591
62.47557310003797,6.1868435,0.6220764868645478
62.47557310003797,6.187043499999999,0.6272713535248797
62.47557310003797,6.187243499999999,0.6311675130298419
62.47557310003797,6.1874435,0.6350636664170941
62.47557310003797,6.187643500000001,0.6363624110866666
62.47557310003797,6.1878435,0.6363624485916521
62.47557310003797,6.188043499999999,0.6363624806888719
62.47557310003797,6.1882435,0.6363625079574801
62.47557310003797,6.188443499999999,0.6376612323128503
62.47557310003797,6.188643499999999,0.638959953045547
62.47557310003797,6.1888435,0.6389599693777576
62.47557310003797,6.189043499999997,0.6376612817403892
62.47557310003797,6.189243499999998,0.6363626267129354
62.47557310003797,6.1894434999999985,0.6363626993004281
62.47557310003797,6.189643499999999,0.6363627677895347
62.47557310003797,6.189843499999998,0.6389602340414902
62.47557310003797,6.190043499999999,0.6402589932039179
62.47557310003797,6.190243499999999,0.6415577451722316
62.47557310003797,6.1904435,0.6441551888377808
62.47557310003797,6.190643499999999,0.6454539170641328
62.47557310003797,6.190843499999998,0.6480513300633184
62.47557310003797,6.191043499999999,0.6493500361279865
62.47557310003797,6.191243499999998,0.6493500364598956
62.47557310003797,6.191443499999999,0.6493500414592807
62.47557310003797,6.191643499999999,0.649350063914296
62.47557310003797,6.1918435,0.6506487276533863
62.47557310003797,6.1920435,0.6506487103702191
62.47557310003797,6.1922435,0.6506486733081823
62.47557310003797,6.1924434999999995,0.6506486299799825
62.47557310003797,6.192643499999999,0.6506485915619513
62.47557310003797,6.1928435,0.6506485361747604
62.47557310003797,6.1930435,0.6519471899130146
62.47557310003797,6.1932434999999995,0.6545445555769661
62.47557310003797,6.193443499999999,0.655843253891768
62.47557310003797,6.193643499999999,0.6571418896030141
62.47557310003797,6.193843499999998,0.6571418381531238
62.47557310003797,6.1940434999999985,0.6571417992219155
62.47567310003797,6.186643499999999,0.6155828875083675
62.47567310003797,6.1868435,0.6181803559356472
62.47567310003797,6.1870435,0.6220765204954777
62.47567310003797,6.187243499999999,0.6259726794867815
62.47567310003797,6.1874435,0.6285701313871623
62.47567310003797,6.187643500000001,0.6298688761896961
62.47567310003797,6.187843499999998,0.6311676154014643
62.47567310003797,6.188043499999998,0.631167648106656
62.47567310003797,6.188243499999999,0.6324663773951824
62.47567310003797,6.1884435,0.6337651025019594
62.47567310003797,6.188643499999999,0.6350638239447405
62.47567310003797,6.1888435,0.6350638408867835
62.47567310003797,6.189043499999999,0.6350638550076635
62.47567310003797,6.189243499999998,0.6350638966611769
62.47567310003797,6.1894434999999985,0.6337652661237987
62.47567310003797,6.189643499999999,0.6350640339020731
62.47567310003797,6.1898434999999985,0.6363627966029071
62.47567310003797,6.1900435,0.6376615531677334
62.47567310003797,6.190243499999999,0.6389603020476294
62.47567310003797,6.1904435,0.641557742055427
62.47567310003797,6.190643499999998,0.6441551678688872
62.47567310003797,6.190843499999998,0.646752580421672
62.47567310003797,6.191043499999998,0.6480512869850367
62.47567310003797,6.191243499999999,0.6493499892816208
62.47567310003797,6.1914435,0.6506487099236121
62.47567310003797,6.191643499999999,0.6506487332516706
62.47567310003797,6.191843499999999,0.6519474132747451
62.47567310003797,6.1920435,0.6532460721144154
62.47567310003797,6.192243499999998,0.6532460499234802
62.47567310003797,6.1924434999999995,0.6532460289489371
62.47567310003797,6.1926435,0.6532459941732617
62.47567310003797,6.1928435,0.6532459468698898
62.47567310003797,6.1930435,0.6545446014121494
62.47567310003797,6.1932434999999995,0.655843258213774
62.47567310003797,6.193443499999999,0.657141938593
62.47567310003797,6.1936434999999985,0.6584405608993125
62.47567310003797,6.1938435,0.6597392027462912
62.47567310003797,6.1940434999999985,0.6584404630628133
62.47577310003797,6.1866435,0.6129854581355589
62.47577310003797,6.186843499999998,0.6155829255933913
62.47577310003797,6.1870435,0.6168816867891613
62.47577310003797,6.1872435,0.6194791439713425
62.47577310003797,6.1874435,0.6220765956464609
62.47577310003797,6.1876435,0.6246740418028633
62.47577310003797,6.1878435,0.6259727813118056
62.47577310003797,6.188043499999999,0.6259728144929773
62.47577310003797,6.1882435,0.6272715443615343
62.47577310003797,6.1884435,0.6298689713765958
62.47577310003797,6.188643499999999,0.6324663946899343
62.47577310003797,6.1888435,0.6324664121077083
62.47577310003797,6.189043499999999,0.6337651278550088
62.47577310003797,6.1892435,0.6337651650291543
62.47577310003797,6.1894434999999985,0.6324665326004868
62.47577310003797,6.189643499999999,0.6324665969996167
62.47577310003797,6.1898434999999985,0.6337653573805054
62.47577310003797,6.190043499999999,0.6350641113157052
62.47577310003797,6.1902435,0.6376615584947708
62.47577310003797,6.1904435,0.6402589952229831
62.47577310003797,6.190643499999999,0.6428564180939786
62.47577310003797,6.190843499999998,0.6454538307474267
62.47577310003797,6.191043499999999,0.6480512390661868
62.47577310003797,6.191243499999999,0.6493499479733759
62.47577310003797,6.1914435,0.6506486769056159
62.47577310003797,6.191643499999999,0.6519473977436705
62.47577310003797,6.191843499999999,0.6532460897330736
62.47577310003797,6.1920435000000005,0.6545447771098711
62.47577310003797,6.1922435,0.6545447330655076
62.47577310003797,6.192443499999999,0.6545446869920284
62.47577310003797,6.1926435,0.6545446585113663
62.47577310003797,6.1928435,0.6545446353157134
62.47577310003797,6.1930435,0.6558433083411308
62.47577310003797,6.1932434999999995,0.6571419651961259
62.47577310003797,6.193443499999998,0.6584406088060291
62.47577310003797,6.193643499999999,0.6597392317415707
62.47577310003797,6.1938435,0.6610378655897793
62.47577310003797,6.194043499999999,0.6610378277561819
62.47587310003797,6.1866435,0.6103880280278622
62.47587310003797,6.1868435,0.6116867932622346
62.47587310003797,6.1870435,0.6129855537183592
62.47587310003797,6.1872435,0.614284309090458
62.47587310003797,6.187443499999999,0.616881760504894
62.47587310003797,6.1876435,0.6194792066462622
62.47587310003797,6.1878435000000005,0.6207779463531811
62.47587310003797,6.188043500000001,0.6220766811902941
62.47587310003797,6.188243500000001,0.6246741128091126
62.47587310003797,6.1884435,0.6259728390045207
62.47587310003797,6.188643499999999,0.6285702627616623
62.47587310003797,6.1888435,0.6298689818300516
62.47587310003797,6.189043499999997,0.6311676977855223
62.47587310003797,6.189243499999998,0.6311677306211467
62.47587310003797,6.1894434999999985,0.6298690962600113
62.47587310003797,6.189643499999999,0.6311678598420363
62.47587310003797,6.189843499999998,0.6311679165898361
62.47587310003797,6.1900435,0.6324666679380322
62.47587310003797,6.190243499999999,0.6350641122891886
62.47587310003797,6.1904435,0.6376615461335432
62.47587310003797,6.190643499999999,0.6415576681448246
62.47587310003797,6.1908435,0.6441550810447002
62.47587310003797,6.191043499999999,0.6454537884844312
62.47587310003797,6.191243499999999,0.6480512128104183
62.47587310003797,6.1914435,0.6493499403773088
62.47587310003797,6.1916435000000005,0.65194735275872
62.47587310003797,6.191843499999999,0.6532460443071679
62.47587310003797,6.1920435,0.6545447330615415
62.47587310003797,6.1922435,0.6545447180497229
62.47587310003797,6.1924434999999995,0.654544691925104
62.47587310003797,6.1926435,0.6545446592615662
62.47587310003797,6.1928435,0.6558433122801367
62.47587310003797,6.1930435,0.6558432671650265
62.47587310003797,6.1932434999999995,0.6571419396288728
62.47587310003797,6.193443499999999,0.6584405772869099
62.47587310003797,6.1936435,0.659739200850753
62.47587310003797,6.193843500000001,0.6610378430523695
62.47587310003797,6.194043499999999,0.6610377999726254
62.47597310003796,6.186643499999999,0.6077905972129594
62.47597310003796,6.186843499999998,0.6077906602609052
62.47597310003796,6.1870435,0.6090894199980057
62.47597310003796,6.1872435,0.6103881748547659
62.47597310003796,6.187443499999999,0.6129856259749379
62.47597310003796,6.187643500000001,0.615583072037811
62.47597310003796,6.1878435000000005,0.6168818118538693
62.47597310003796,6.188043499999999,0.6194792482402584
62.47597310003796,6.1882435,0.6220766801943292
62.47597310003796,6.188443499999999,0.6233754067497184
62.47597310003796,6.1886435,0.6259728308335474
62.47597310003796,6.1888435,0.6272715501413892
62.47597310003796,6.189043499999999,0.6285702661988009
62.47597310003796,6.1892435,0.6285702948396577
62.47597310003796,6.1894434999999985,0.6285703598262458
62.47597310003796,6.1896435,0.6285704199899896
62.47597310003796,6.1898434999999985,0.6298691757304088
62.47597310003796,6.190043499999999,0.631167924585293
62.47597310003796,6.190243499999999,0.6337653663191622
62.47597310003796,6.190443499999999,0.6363627976475277
62.47597310003796,6.190643499999999,0.6389602168919357
62.47597310003796,6.190843500000001,0.6415576300182473
62.47597310003796,6.191043500000001,0.6428563411064088
62.47597310003796,6.191243499999999,0.644155073373297
62.47597310003796,6.1914435,0.6454537963105434
62.47597310003796,6.191643499999998,0.6467525011482647
62.47597310003796,6.191843499999999,0.6480511934477454
62.47597310003796,6.1920435,0.6493498830051736
62.47597310003796,6.1922435,0.6506485701050063
62.47597310003796,6.1924434999999995,0.6519472550155031
62.47597310003796,6.1926435,0.6532459258382126
62.47597310003796,6.1928435,0.6532459035428879
62.47597310003796,6.1930435,0.6545445611490763
62.47597310003796,6.1932434999999995,0.6558432059548389
62.47597310003796,6.193443499999999,0.6558431516441996
62.47597310003796,6.193643499999999,0.657141801434333
62.47597310003796,6.1938435,0.6584404502951564
62.47597310003796,6.1940434999999985,0.6597391086623204
62.47607310003797,6.186643500000001,0.605193165715875
62.47607310003797,6.1868435,0.6038945266081325
62.47607310003797,6.1870435,0.6051932856418326
62.47607310003797,6.1872435,0.6051933386785401
62.47607310003797,6.187443499999999,0.6090894907715458
62.47607310003797,6.1876435,0.6116869366985528
62.476073100037986,6.1878435,0.614284377842896
62.476073100037986,6.188043499999999,0.6168818143842486
62.476073100037986,6.188243499999999,0.6194792465688213
62.47607310003797,6.1884435,0.6220766746752137
62.47607310003797,6.1886435,0.6233753976811893
62.47607310003797,6.1888435,0.6246741171278896
62.47607310003797,6.189043499999997,0.6259728331946666
62.47607310003797,6.189243499999998,0.6259728577872243
62.47607310003797,6.1894434999999985,0.6272716221233924
62.47607310003797,6.1896435,0.6272716801902103
62.47607310003797,6.1898435,0.6285704336848484
62.47607310003797,6.190043499999999,0.6298691801713412
62.47607310003797,6.190243499999999,0.6311679182106936
62.47607310003797,6.1904435,0.63376534734719
62.476073100037986,6.190643499999998,0.636362765634611
62.476073100037986,6.1908435,0.6389601789696905
62.476073100037986,6.191043499999999,0.6389602012605745
62.47607310003797,6.1912435,0.6402589306385366
62.47607310003797,6.191443499999999,0.6415576492635274
62.47607310003797,6.191643499999999,0.6428563506399076
62.47607310003797,6.191843499999999,0.644155043670034
62.47607310003797,6.1920435,0.6454537339916643
62.47607310003797,6.192243499999998,0.6467524218702349
62.47607310003797,6.1924434999999995,0.6480511075587124
62.47607310003797,6.1926435,0.6506484827515046
62.47607310003797,6.1928435,0.6519471611581945
62.47607310003797,6.193043499999999,0.6532458470081206
62.47607310003797,6.1932434999999995,0.6532458097206032
62.47607310003797,6.193443499999999,0.6545444585767449
62.476073100037986,6.1936434999999985,0.6558431089887122
62.476073100037986,6.1938435,0.6558430571395977
62.47607310003797,6.194043499999999,0.6584404169540431
62.476173100037975,6.1866435,0.602595733559576
62.476173100037975,6.1868435,0.6025957949191327
62.476173100037975,6.1870435,0.6025958519624811
62.476173100037975,6.1872435,0.6038946057692126
62.476173100037975,6.187443499999999,0.606492056208138
62.476173100037975,6.1876435,0.6090895019474842
62.476173100037975,6.187843499999998,0.6116869430502532
62.476173100037975,6.188043499999999,0.6142843796611133
62.476173100037975,6.188243500000001,0.6168818119823554
62.476173100037975,6.188443500000001,0.6194792402444758
62.476173100037975,6.1886435,0.6220766646754301
62.476173100037975,6.1888435,0.6233753841723111
62.476173100037975,6.189043499999999,0.6246741001692978
62.476173100037975,6.1892435,0.6259728221607925
62.476173100037975,6.1894434999999985,0.6259728832684653
62.476173100037975,6.189643499999999,0.6272716405806313
62.476173100037975,6.1898434999999985,0.6285703919119929
62.476173100037975,6.190043499999999,0.628570434872485
62.476173100037975,6.190243499999999,0.6311678720307157
62.476173100037975,6.190443499999999,0.6324665979550484
62.476173100037975,6.190643499999999,0.6350640156720587
62.476173100037975,6.190843499999998,0.6350640266028146
62.476173100037975,6.191043499999999,0.6350640589880934
62.476173100037975,6.191243499999999,0.636362785446739
62.476173100037975,6.191443499999999,0.6363627991503613
62.476173100037975,6.191643499999999,0.6389601999734127
62.476173100037975,6.1918435,0.6402588936946767
62.476173100037975,6.1920435,0.6415575847436201
62.476173100037975,6.1922435,0.6428562733678851
62.476173100037975,6.1924434999999995,0.6441549598057914
62.476173100037975,6.1926435,0.6467523361851543
62.476173100037975,6.192843499999999,0.6480510158367829
62.476173100037975,6.1930435,0.6493497023894597
62.476173100037975,6.1932434999999995,0.6506483875439772
62.476173100037975,6.193443499999999,0.6519470638368555
62.476173100037975,6.1936435,0.6532457148654691
62.476173100037975,6.1938435,0.6558430661997076
62.476173100037975,6.194043499999999,0.6571417248631886
62.476273100037965,6.186643499999999,0.6012970020641297
62.476273100037965,6.186843499999998,0.6012970626136744
62.476273100037965,6.1870435,0.6012971189741565
62.476273100037965,6.1872435,0.6012971709454594
62.476273100037965,6.187443499999999,0.6038946210016694
62.476273100037965,6.1876435,0.6064920665067179
62.476273100037965,6.1878435,0.6090895075044094
62.476273100037965,6.188043499999999,0.6129856454073715
62.476273100037965,6.1882435,0.6155830777817074
62.476273100037965,6.1884435,0.6181805061136499
62.476273100037965,6.188643499999999,0.6207779305873014
62.476273100037965,6.1888435,0.6220766500572886
62.476273100037965,6.189043499999999,0.6246740672167878
62.476273100037965,6.189243499999998,0.6259727854581767
62.476273100037965,6.1894434999999985,0.6272715459684409
62.476273100037965,6.1896435,0.6272715999877836
62.476273100037965,6.1898434999999985,0.6285703492524007
62.476273100037965,6.1900435,0.6298690914309738
62.476273100037965,6.190243499999999,0.6298691240140377
62.476273100037965,6.1904435,0.6311678482613705
62.476273100037965,6.190643499999999,0.6324665644073086
62.476273100037965,6.190843500000001,0.6324665850457396
62.476273100037965,6.191043499999999,0.6311679147394068
62.476273100037965,6.191243499999999,0.6324666384580189
62.476273100037965,6.191443499999999,0.6324666492300545
62.476273100037965,6.1916435000000005,0.6350640491634248
62.476273100037965,6.191843499999998,0.6363627435389309
62.476273100037965,6.1920435,0.637661435280247
62.476273100037965,6.1922435,0.6389601246184229
62.476273100037965,6.192443499999999,0.6402588117778305
62.476273100037965,6.1926435,0.6415574872051941
62.476273100037965,6.1928435,0.642856168898189
62.476273100037965,6.1930435,0.6454535574365657
62.476273100037965,6.1932434999999995,0.6480509445285891
62.476273100037965,6.193443499999999,0.6506483233914735
62.476273100037965,6.193643499999999,0.6532457008778662
62.476273100037965,6.1938435,0.6545443735954773
62.476273100037965,6.194043499999999,0.657141733703452
62.476373100037975,6.1866435,0.5999982699509472
62.476373100037975,6.1868435,0.599998329708477
62.476373100037975,6.1870435,0.5999983853926483
62.476373100037975,6.1872435,0.599998436818914
62.476373100037975,6.1874435,0.6025958864673029
62.476373100037975,6.187643500000001,0.6051933316962169
62.476373100037975,6.1878435,0.6077907725323429
62.476373100037975,6.188043499999999,0.6103882090625099
62.476373100037975,6.1882435,0.6142843427146469
62.476373100037975,6.1884435,0.6168817710406215
62.476373100037975,6.1886435,0.6194791954838946
62.476373100037975,6.1888435,0.6220766161596337
62.476373100037975,6.189043499999999,0.6246740331283511
62.476373100037975,6.189243499999998,0.6272714490680329
62.476373100037975,6.1894434999999985,0.627271506428468
62.476373100037975,6.189643499999999,0.6285702598226148
62.476373100037975,6.1898434999999985,0.6285703058259405
62.476373100037975,6.190043499999999,0.6298690460691901
62.476373100037975,6.190243499999999,0.6298690768589931
62.476373100037975,6.190443500000001,0.6298690983323303
62.476373100037975,6.190643499999999,0.6298691131394335
62.476373100037975,6.190843500000001,0.6285704413781947
62.476373100037975,6.191043499999999,0.6285704702000756
62.476373100037975,6.1912435,0.6272717888509325
62.476373100037975,6.1914435,0.6285704985754288
62.476373100037975,6.191643499999999,0.6311678982229119
62.476373100037975,6.1918435,0.6324665932182199
62.476373100037975,6.1920435,0.6337652856188735
62.476373100037975,6.192243499999998,0.6350639756404887
62.476373100037975,6.1924434999999995,0.6350639621955149
62.476373100037975,6.192643499999999,0.636362637662108
62.476373100037975,6.1928435,0.6376613216605949
62.476373100037975,6.193043499999999,0.6415574121684531
62.476373100037975,6.1932434999999995,0.6454535002338533
62.476373100037975,6.193443499999999,0.6480508794881799
62.476373100037975,6.193643499999999,0.6519469798740585
62.476373100037975,6.1938435,0.6545443584434913
62.476373100037975,6.1940434999999985,0.6558430020191292
62.47647310003798,6.1866435,0.5999982385378516
62.47647310003798,6.1868435,0.5999982975186413
62.47647310003798,6.1870435,0.5999983525314254
62.47647310003798,6.1872435,0.5999984034044484
62.47647310003798,6.187443499999999,0.6025958526221693
62.47647310003798,6.187643500000001,0.6038945962388962
62.47647310003798,6.1878435,0.6064920368634156
62.47647310003798,6.188043499999999,0.610388174558626
62.47647310003798,6.1882435,0.6129856068260688
62.47647310003798,6.1884435,0.615583035079768
62.47647310003798,6.1886435,0.6168817581307595
62.47647310003798,6.188843500000002,0.619479178657743
62.47647310003798,6.189043499999999,0.6233752966904647
62.47647310003798,6.189243499999998,0.6259727095863069
62.47647310003798,6.1894434999999985,0.6259727647411363
62.47647310003798,6.189643499999999,0.6272715162886874
62.47647310003798,6.1898435,0.628570261735131
62.47647310003798,6.1900435,0.6298690001826905
62.47647310003798,6.190243499999999,0.6298690293453297
62.47647310003798,6.1904435,0.6298690496235044
62.47647310003798,6.190643499999999,0.6298690674587423
62.47647310003798,6.1908435,0.6285704002268427
62.47647310003798,6.191043499999999,0.6272717256865585
62.47647310003798,6.191243499999998,0.6259730421576648
62.47647310003798,6.191443499999999,0.6259730487048263
62.47647310003798,6.191643499999999,0.6285704484620871
62.47647310003798,6.1918435,0.6285704427463533
62.47647310003798,6.1920435,0.6298691357751525
62.47647310003798,6.192243499999998,0.6298691251523684
62.47647310003798,6.1924434999999995,0.6311678135360503
62.47647310003798,6.1926435,0.6324664890264077
62.47647310003798,6.192843500000001,0.6350638767396029
62.47647310003798,6.193043499999999,0.6402586692004185
62.47647310003798,6.1932434999999995,0.6441547566904035
62.47647310003798,6.193443499999999,0.6467521681228257
62.47647310003798,6.193643499999999,0.6506482713948427
62.47647310003798,6.193843500000001,0.6532456222581768
62.47647310003798,6.1940434999999985,0.6558429625131933
62.47657310003798,6.1866435,0.6012969078431705
62.47657310003798,6.186843499999998,0.599998264761632
62.47657310003798,6.1870435,0.5999983191068039
62.47657310003798,6.1872435,0.6012970707174676
62.47657310003798,6.187443499999999,0.6025958181852317
62.47657310003798,6.187643500000001,0.6038945614553191
62.47657310003798,6.1878435,0.6064920018241253
62.47657310003798,6.188043499999999,0.6090894380347038
62.47657310003798,6.1882435,0.6116868701592836
62.47657310003798,6.1884435,0.6142842982831982
62.47657310003798,6.188643499999999,0.6155830211865518
62.47657310003798,6.1888435,0.6181804415183408
62.47657310003798,6.189043499999999,0.6207778579832204
62.47657310003798,6.189243499999998,0.6233752705152498
62.47657310003798,6.1894434999999985,0.6246740222891305
62.47657310003798,6.1896435,0.6272714733700154
62.47657310003798,6.1898434999999985,0.6285702170673445
62.47657310003798,6.190043499999999,0.6298689538507842
62.47657310003798,6.190243499999999,0.6311676828332855
62.47657310003798,6.190443499999999,0.6298690009145047
62.47657310003798,6.1906435,0.6285703256289301
62.47657310003798,6.1908435,0.6272716566131855
62.47657310003798,6.191043499999999,0.6272716814507777
62.47657310003798,6.191243499999999,0.6259729960190991
62.47657310003798,6.1914435,0.6246742997552113
62.47657310003798,6.191643499999999,0.6246742972937946
62.47657310003798,6.191843499999999,0.6246742921357202
62.47657310003798,6.1920435,0.6246742844645398
62.47657310003798,6.1922435,0.6246742744682536
62.47657310003798,6.1924434999999995,0.6272716643948042
62.47657310003798,6.1926435,0.6298690413749504
62.47657310003798,6.1928435,0.6337651328535007
62.47657310003798,6.1930435,0.6389599259518837
62.47657310003798,6.1932434999999995,0.6428560281374879
62.47657310003798,6.193443499999999,0.6454534431541502
62.47657310003798,6.1936435,0.6493495381983794
62.47657310003798,6.1938435,0.6532455860795301
62.47657310003798,6.194043499999999,0.6545442213833372
62.47667310003797,6.1866435,0.6012968752871822
62.47667310003797,6.186843500000001,0.5999982314534344
62.47667310003797,6.1870435,0.5999982851340102
62.47667310003797,6.1872435,0.6012970361763984
62.47667310003797,6.1874435,0.6025957831745568
62.47667310003797,6.187643500000001,0.6038945260687797
62.47667310003797,6.1878435,0.6064919661432282
62.47667310003797,6.188043499999999,0.6090894021222919
62.47667310003797,6.1882435,0.6103881327559898
62.47667310003797,6.1884435,0.6129855607006973
62.47667310003797,6.1886435,0.6142842834107181
62.47667310003797,6.1888435,0.6168817035093048
62.47667310003797,6.189043499999999,0.6194791196788594
62.47667310003797,6.1892435,0.6207778305384106
62.47667310003797,6.1894434999999985,0.6233752791481598
62.47667310003797,6.189643499999999,0.6259727285463916
62.47667310003797,6.1898435,0.6285701718969428
62.47667310003797,6.190043499999999,0.6298689071386302
62.47667310003797,6.190243499999999,0.6311676347741888
62.47667310003797,6.1904435,0.6298689522053478
62.47667310003797,6.190643499999999,0.6285702840446432
62.47667310003797,6.1908435,0.6272716133188551
62.47667310003797,6.191043499999999,0.6259729350932295
62.47667310003797,6.191243499999999,0.6246742480078227
62.47667310003797,6.191443499999999,0.6233755506095586
62.47667310003797,6.191643499999999,0.6220768473245809
62.47667310003797,6.191843499999999,0.6207781413974562
62.47667310003797,6.192043499999998,0.6207781342972594
62.47667310003797,6.1922435,0.6207781249009824
62.47667310003797,6.1924434999999995,0.623375514885961
62.47667310003797,6.192643499999999,0.6272715934527922
62.47667310003797,6.1928435,0.6324663887194385
62.47667310003797,6.1930435,0.6376611824386523
62.47667310003797,6.1932434999999995,0.6415572992024992
62.47667310003797,6.193443499999999,0.645453408912305
62.47667310003797,6.193643499999999,0.649349496620126
62.47667310003797,6.1938435,0.6519468482954629
62.47667310003797,6.1940434999999985,0.6545441827905533
62.47677310003797,6.186643500000001,0.6025955434844315
62.47677310003797,6.1868435,0.6025956002072852
62.47677310003797,6.1870435,0.6025956532258343
62.47677310003797,6.1872435,0.6038944036934943
62.47677310003797,6.187443499999999,0.6051931502058898
62.47677310003797,6.187643500000001,0.6064918926986942
62.47677310003797,6.1878435,0.6077906311464618
62.47677310003797,6.188043499999999,0.6103880668545442
62.47677310003797,6.1882435,0.611686797253643
62.47677310003797,6.1884435,0.6129855236783885
62.47677310003797,6.1886435,0.614284246156942
62.47677310003797,6.1888435,0.6155829646931057
62.47677310003797,6.189043499999999,0.6181803805482441
62.47677310003797,6.1892435,0.6194790910302603
62.47677310003797,6.1894434999999985,0.6220765353861655
62.47677310003797,6.189643499999999,0.624673983184119
62.47677310003797,6.1898434999999985,0.6259727236898225
62.47677310003797,6.190043499999999,0.6285701588012924
62.47677310003797,6.190243499999999,0.629868885206999
62.47677310003797,6.1904435,0.6298689074020364
62.47677310003797,6.190643499999999,0.6298689428431443
62.47677310003797,6.1908435,0.6285702704983853
62.47677310003797,6.191043500000001,0.6272715906647968
62.47677310003797,6.191243499999999,0.6259729021430478
62.47677310003797,6.191443499999999,0.6246742039948767
62.47677310003797,6.191643499999999,0.6233755011600284
62.47677310003797,6.191843499999999,0.623375497035096
62.47677310003797,6.1920435,0.6233754904797442
62.47677310003797,6.1922435,0.6233754816582723
62.47677310003797,6.1924434999999995,0.6259728715725652
62.47677310003797,6.192643499999999,0.6298689522936805
62.47677310003797,6.1928435,0.6337650469496032
62.47677310003797,6.1930435,0.6389598537218832
62.47677310003797,6.1932434999999995,0.6428559678171115
62.47677310003797,6.193443499999999,0.6467520712355721
62.47677310003797,6.193643499999999,0.6506481556151873
62.47677310003797,6.193843499999998,0.6532455121626
62.47677310003797,6.1940434999999985,0.6558428478416034
62.47687310003797,6.186643500000001,0.603894211152898
62.47687310003797,6.1868435,0.6051929684414747
62.47687310003797,6.1870435,0.6051930208003677
62.47687310003797,6.187243499999999,0.6077904719864242
62.47687310003797,6.1874435,0.6077905167003289
62.47687310003797,6.1876435,0.6090892587695838
62.476873100037984,6.1878435,0.6103879968603585
62.476873100037984,6.188043499999999,0.6103880296661677
62.476873100037984,6.1882435,0.6116867597945158
62.47687310003797,6.1884435,0.6129854859626092
62.47687310003797,6.1886435,0.6142842081783282
62.47687310003797,6.188843499999999,0.6155829264268214
62.47687310003797,6.189043499999999,0.6168816406557583
62.47687310003797,6.189243499999998,0.6181803507614092
62.47687310003797,6.1894434999999985,0.6207777910639225
62.47687310003797,6.1896435,0.6220765360436125
62.47687310003797,6.1898434999999985,0.6246739763960418
62.47687310003797,6.1900435,0.6259727088833561
62.47687310003797,6.190243499999999,0.6285701354618539
62.47687310003797,6.1904435,0.6298688656061316
62.476873100037984,6.190643499999999,0.6298688995471995
62.476873100037984,6.1908435,0.629868926981558
62.476873100037984,6.191043499999998,0.6285702456892741
62.47687310003797,6.191243499999999,0.6272715559180535
62.47687310003797,6.191443499999999,0.6259728573193383
62.47687310003797,6.191643499999999,0.6246741549113681
62.47687310003797,6.191843499999999,0.6246741512654802
62.47687310003797,6.1920435,0.6246741452303465
62.47687310003797,6.192243499999998,0.6259728382584221
62.47687310003797,6.1924434999999995,0.6285702280066692
62.47687310003797,6.1926435,0.6311676097155259
62.47687310003797,6.1928435,0.6363624062590799
62.47687310003797,6.1930435,0.6415572236695692
62.47687310003797,6.1932434999999995,0.6454533341807489
62.47687310003797,6.1934435,0.6493494327249414
62.476873100037984,6.1936434999999985,0.6519468141281888
62.476873100037984,6.1938435,0.6545441737573734
62.47687310003797,6.1940434999999985,0.6584402139043479
62.47697310003797,6.1866435,0.6064915796075591
62.47697310003797,6.1868435,0.6077903361715531
62.47697310003797,6.1870435,0.6090890891718576
62.47697310003797,6.1872435,0.6116865397729836
62.47697310003797,6.187443499999999,0.6116865839751245
62.47697310003797,6.1876435,0.61298532560188
62.47697310003798,6.1878435000000005,0.6142840633108675
62.47697310003798,6.188043499999999,0.6142840957829827
62.47697310003798,6.1882435,0.6142841243113891
62.47697310003797,6.188443500000001,0.615582850193417
62.47697310003797,6.1886435,0.6155828708222344
62.47697310003797,6.188843500000002,0.6168815887648127
62.47697310003797,6.1890434999999995,0.6168816013594856
62.47697310003797,6.189243499999998,0.6181803110937721
62.47697310003797,6.1894434999999985,0.620777747534381
62.47697310003797,6.189643499999999,0.6233751923713547
62.47697310003797,6.1898434999999985,0.6246739300616865
62.47697310003797,6.190043499999999,0.6272713626167946
62.47697310003797,6.190243499999999,0.629868788163078
62.47697310003797,6.1904435,0.6311675243512184
62.47697310003798,6.190643499999999,0.6311675568583899
62.47697310003798,6.1908435,0.6324662841734369
62.47697310003798,6.191043499999999,0.6311676015606976
62.47697310003797,6.191243499999999,0.6298689106994985
62.47697310003797,6.191443499999999,0.6298689131852842
62.47697310003797,6.191643499999999,0.6298689124812977
62.47697310003797,6.1918435,0.628570207992893
62.47697310003797,6.1920435,0.6285702024547747
62.47697310003797,6.1922435,0.6298688960109375
62.47697310003797,6.1924434999999995,0.6337649868179578
62.47697310003797,6.192643499999999,0.6363623708452812
62.47697310003797,6.1928435,0.6402584762195811
62.47697310003797,6.1930435,0.6454532922260457
62.47697310003797,6.1932434999999995,0.6493493994156452
62.47697310003797,6.193443499999999,0.6532454943700547
62.47697310003798,6.193643499999999,0.6545441736027094
62.47697310003798,6.1938435,0.6571415353423811
62.47697310003797,6.194043499999999,0.6623362809795789
62.477073100037984,6.1866435,0.6116863501630235
62.477073100037984,6.1868435,0.6142838073090211
62.477073100037984,6.1870435,0.6168812609532481
62.477073100037984,6.187243499999999,0.6181800096671115
62.477073100037984,6.187443499999999,0.6194787546461769
62.477073100037984,6.187643500000001,0.6207774958144304
62.47707310003797,6.1878435,0.6220762331206856
62.47707310003797,6.188043499999999,0.6220762652348674
62.47707310003797,6.1882435,0.6220762934366317
62.477073100037984,6.1884435,0.6220763177098074
62.477073100037984,6.1886435,0.6194789354329334
62.477073100037984,6.1888435,0.6207776530562548
62.477073100037984,6.189043499999997,0.620777665311446
62.477073100037984,6.189243499999998,0.6220763746822789
62.477073100037984,6.1894434999999985,0.6246738074433065
62.477073100037984,6.189643499999999,0.6285699522125393
62.477073100037984,6.189843499999998,0.6311673899210325
62.477073100037984,6.1900435,0.6324661200327621
62.477073100037984,6.190243499999999,0.6350635481062007
62.477073100037984,6.190443499999999,0.6350635850206892
62.47707310003797,6.190643499999999,0.6350636161651636
62.47707310003797,6.1908435,0.6363623421619709
62.47707310003797,6.191043499999999,0.636362359653253
62.477073100037984,6.191243499999999,0.6363623691365696
62.477073100037984,6.191443499999999,0.6376610728958435
62.477073100037984,6.191643499999998,0.640258475174459
62.477073100037984,6.1918435,0.6389597711208475
62.477073100037984,6.1920435,0.6376610647591796
62.477073100037984,6.192243499999998,0.6389597588213849
62.477073100037984,6.1924434999999995,0.6441545506281532
62.477073100037984,6.1926435,0.6467519369931682
62.477073100037984,6.1928435,0.6506480514614548
62.477073100037984,6.1930435,0.6532454625610614
62.477073100037984,6.1932434999999995,0.6584402681620617
62.477073100037984,6.193443499999998,0.6610376591907695
62.47707310003797,6.193643499999999,0.6636350392860193
62.47707310003797,6.1938435,0.6662324026144247
62.477073100037984,6.1940434999999985,0.6714271521203717
62.47717310003797,6.1866435,0.618179821536154
62.47717310003797,6.186843499999998,0.620777277973001
62.47717310003797,6.1870435,0.6233747309652187
62.47717310003797,6.1872435,0.6246734790879016
62.47717310003797,6.187443499999999,0.6272709248357387
62.47717310003797,6.1876435,0.6285696655322066
62.47717310003797,6.1878435,0.6285697011195847
62.47717310003797,6.188043499999998,0.629868434154425
62.47717310003797,6.1882435,0.6298684620086951
62.47717310003797,6.1884435,0.6272710833549495
62.47717310003797,6.1886435,0.6233749994556013
62.47717310003797,6.1888435,0.6246737167504975
62.47717310003797,6.189043499999999,0.6246737286656641
62.47717310003797,6.1892435,0.6259724376830997
62.47717310003797,6.1894434999999985,0.628569866937688
62.47717310003797,6.1896435,0.6350634130093278
62.47717310003797,6.1898434999999985,0.6376608495144821
62.47717310003797,6.190043499999999,0.6389595785601117
62.47717310003797,6.190243499999999,0.6402583107854072
62.47717310003797,6.190443499999999,0.6402583463909507
62.47717310003797,6.190643499999999,0.6389596749471472
62.47717310003797,6.1908435,0.6402583997212578
62.47717310003797,6.191043499999999,0.6415571174297614
62.47717310003797,6.191243499999999,0.6428558273732494
62.47717310003797,6.191443499999997,0.645453232558893
62.47717310003797,6.191643499999999,0.6519467391001117
62.47717310003797,6.191843499999999,0.6480506328638582
62.47717310003797,6.192043499999998,0.6467519269567361
62.47717310003797,6.1922435,0.646751920117864
62.47717310003797,6.1924434999999995,0.6532454129629576
62.47717310003797,6.192643499999999,0.658440209866538
62.47717310003797,6.1928435,0.6610376248986776
62.47717310003797,6.1930435,0.6623363325341647
62.47717310003797,6.1932434999999995,0.6662324344040562
62.47717310003797,6.1934435,0.6701285249146769
62.47717310003797,6.1936435,0.6714272034138143
62.47717310003797,6.1938435,0.6753232693194846
62.47717310003797,6.194043499999999,0.6792193206327866
